unix,open,high,low,close,volume,close_time,quote_av,trades,tb_base_av,tb_quote_av,ignore,tb_base
1571961600000,0.3012,0.5,0.2,0.376,22543439.71,1572047999999,7270730.397066,21101,11181380.27,3590527.192481,0,
1572048000000,0.376,0.3795,0.2503,0.262,11681713.87,1572134399999,3437779.449128,13078,4612983.66,1368634.906949,0,
1572134400000,0.262,0.2736,0.2084,0.2121,6204081.96,1572220799999,1448658.727781,6695,2223786.66,523208.799691,0,
1572220800000,0.2136,0.25,0.205,0.2126,7968877.3,1572307199999,1815430.772099,7246,3294579.81,753165.923443,0,
1572307200000,0.2133,0.2229,0.2076,0.211,3277198.86,1572393599999,702009.191804,3107,1240842.21,266607.769612,0,
1572393600000,0.211,0.214,0.1932,0.1974,2725399.59,1572479999999,551700.702936,2531,1049183.05,213043.128582,0,
1572480000000,0.1962,0.2096,0.1816,0.1921,5337839.39,1572566399999,1050404.412378,2940,2128304.16,418542.613542,0,
1572566400000,0.193,0.1967,0.1869,0.1911,2527720.46,1572652799999,483261.717571,1499,1179966.52,226773.976572,0,
1572652800000,0.1903,0.2024,0.1881,0.1954,3273725.12,1572739199999,638907.090765,2623,1327582.57,259151.143432,0,
1572739200000,0.1954,0.262,0.1929,0.2352,12606871.74,1572825599999,2827331.973509,9580,6201081.98,1394785.15933,0,
1572825600000,0.2328,0.2467,0.2174,0.2211,11232858.59,1572911999999,2571253.065267,7159,4643395.05,1061887.366538,0,
1572912000000,0.2215,0.2287,0.2104,0.2206,6719134.79,1572998399999,1461312.557734,4457,3034412.52,661734.072571,0,
1572998400000,0.2215,0.2272,0.2025,0.2028,4348726.7,1573084799999,940446.90743,2794,1411757.68,308598.464392,0,
1573084800000,0.2032,0.2231,0.2008,0.2203,5459661.46,1573171199999,1141240.59088,3369,2776550.64,582176.947118,0,
1573171200000,0.2196,0.2208,0.1985,0.2149,5359697.86,1573257599999,1121542.646575,3230,2428918.52,507615.615745,0,
1573257600000,0.2129,0.2231,0.2018,0.2056,3965826.21,1573343999999,842124.644588,2394,1493399.98,317571.355561,0,
1573344000000,0.2056,0.21,0.1991,0.1995,2438251.58,1573430399999,498166.459344,1787,881654.32,181181.53813,0,
1573430400000,0.1996,0.2027,0.1915,0.1951,2088239.06,1573516799999,411268.82736,1459,945974.59,186618.515024,0,
1573516800000,0.1952,0.196,0.1874,0.1916,1297003.57,1573603199999,249201.152082,1196,592884.5,113846.588738,0,
1573603200000,0.1914,0.196,0.1902,0.1932,948242.34,1573689599999,183117.199432,672,501728.44,96960.155484,0,
1573689600000,0.1945,0.195,0.1822,0.1825,1509655.21,1573775999999,281723.217085,1007,623885.53,115953.723296,0,
1573776000000,0.1826,0.1856,0.1732,0.185,2818162.23,1573862399999,507346.81264,2339,1527987.17,275099.128012,0,
1573862400000,0.1847,0.1893,0.1822,0.1822,1344544.2,1573948799999,248762.990238,1137,600037.06,111274.937853,0,
1573948800000,0.1821,0.1841,0.1786,0.1792,932831.87,1574035199999,168798.45413,677,362010.61,65694.658193,0,
1574035200000,0.179,0.1793,0.165,0.1676,1499495.06,1574121599999,258886.24753,1126,508308.82,87496.134634,0,
1574121600000,0.169,0.169,0.1529,0.157,2196885.76,1574207999999,345702.846089,1884,697617.76,109945.976093,0,
1574208000000,0.157,0.1591,0.1452,0.1469,1281751.56,1574294399999,194867.619171,1020,606090.61,92575.76387,0,
1574294400000,0.1469,0.1485,0.1267,0.1295,2539048.26,1574380799999,338049.453508,1638,1119841.8,147288.396344,0,
1574380800000,0.1295,0.1322,0.1049,0.114,5083336.52,1574467199999,584208.485845,3305,2173475.22,246954.580129,0,
1574467200000,0.114,0.1357,0.1083,0.1231,6631005.07,1574553599999,797781.324835,2840,2582259.47,309804.859858,0,
1574553600000,0.1225,0.1404,0.1199,0.1257,9471139.3,1574639999999,1241476.734635,5189,4691562.95,615560.779631,0,
1574640000000,0.1257,0.1257,0.1045,0.1155,8706539.61,1574726399999,994266.653768,3249,3111977.46,353600.053721,0,
1574726400000,0.115,0.1159,0.1105,0.1138,2727102.39,1574812799999,308445.731289,1250,1164155.12,132190.93374,0,
1574812800000,0.1148,0.1161,0.1065,0.1129,2614524.02,1574899199999,293857.127666,1281,1198446.15,135471.534601,0,
1574899200000,0.1134,0.1225,0.112,0.1151,3217861.77,1574985599999,381429.219292,1376,1506875.54,179184.990458,0,
1574985600000,0.1152,0.1203,0.114,0.1164,1528806.69,1575071999999,178327.323102,863,671806.4,78574.092048,0,
1575072000000,0.1164,0.1173,0.1085,0.1102,1365602.6,1575158399999,153564.76691,784,531013.58,59984.25305,0,
1575158400000,0.1104,0.1104,0.1054,0.1071,917153.91,1575244799999,97808.370619,587,339449.16,36254.634405,0,
1575244800000,0.1071,0.1084,0.1035,0.1046,1315887.43,1575331199999,138308.154226,667,506685.28,53529.256728,0,
1575331200000,0.1047,0.1056,0.1,0.1018,2185524.76,1575417599999,224148.330948,996,806597.69,82722.541255,0,
1575417600000,0.1018,0.102,0.095,0.0969,2219699.53,1575503999999,217090.793679,1197,1058722.38,103752.644599,0,
1575504000000,0.0964,0.097,0.0911,0.0932,1254021.72,1575590399999,117540.719866,935,492627.25,46261.049261,0,
1575590400000,0.0934,0.0998,0.0928,0.0984,1638680.0,1575676799999,158777.770023,1012,855647.01,82990.537347,0,
1575676800000,0.098,0.0988,0.0939,0.094,1035540.84,1575763199999,99602.871537,709,320621.18,30796.334845,0,
1575763200000,0.0945,0.103,0.0928,0.1006,2506281.67,1575849599999,246059.088147,1351,1263874.7,124163.693066,0,
1575849600000,0.0999,0.1066,0.0976,0.0989,2388062.03,1575935999999,244888.365784,1299,976273.46,100499.495992,0,
1575936000000,0.0981,0.0987,0.0883,0.0902,1405869.64,1576022399999,129798.400833,916,525130.93,48623.12111,0,
1576022400000,0.0902,0.0931,0.0876,0.0884,669509.82,1576108799999,60103.335484,455,184002.74,16717.518119,0,
1576108800000,0.089,0.0896,0.0843,0.0848,1349176.78,1576195199999,116193.878248,842,289402.15,24956.739315,0,
1576195200000,0.0849,0.0917,0.0843,0.0854,1275690.49,1576281599999,112034.85482,860,638766.22,56189.098229,0,
1576281600000,0.086,0.0868,0.0817,0.082,568792.93,1576367999999,47905.678655,394,183988.41,15538.372181,0,
1576368000000,0.0823,0.0995,0.0817,0.0919,3613339.7,1576454399999,332549.104163,1929,1778759.46,163701.259722,0,
1576454400000,0.0921,0.097,0.0843,0.0854,1797416.89,1576540799999,163784.742906,1016,655943.25,60320.089619,0,
1576540800000,0.0852,0.0855,0.0804,0.0811,731654.0,1576627199999,61250.028238,451,219542.2,18449.784634,0,
1576627200000,0.0811,0.1002,0.0811,0.0965,4091912.67,1576713599999,378176.06773,1778,2189193.93,201455.765912,0,
1576713600000,0.0965,0.1267,0.0955,0.1189,12021107.68,1576799999999,1342383.692936,5154,5668845.99,631098.913136,0,
1576800000000,0.1184,0.1249,0.1096,0.1123,6528676.19,1576886399999,756244.147777,3205,2548503.76,296149.094331,0,
1576886400000,0.1124,0.1128,0.1039,0.1064,5187717.46,1576972799999,563342.218663,2075,2187051.12,237394.918527,0,
1576972800000,0.1064,0.1345,0.1055,0.1227,8986732.35,1577059199999,1093992.221376,5325,3769716.12,456026.375947,0,
1577059200000,0.1227,0.1344,0.1191,0.123,5140387.63,1577145599999,647766.024012,3485,2504953.94,317221.279783,0,
1577145600000,0.123,0.1395,0.1208,0.1268,4720657.8,1577231999999,613646.147859,3454,2166887.96,281439.735511,0,
1577232000000,0.1268,0.1271,0.112,0.1153,3832166.74,1577318399999,453493.020368,2431,1458061.72,172598.45496,0,
1577318400000,0.1161,0.125,0.1134,0.1136,2592214.95,1577404799999,310158.125798,1602,1094457.34,131512.214861,0,
1577404800000,0.1136,0.1157,0.109,0.1102,1836161.88,1577491199999,205792.509497,1116,817533.13,91838.922697,0,
1577491200000,0.1102,0.1142,0.1076,0.11,1383466.26,1577577599999,153477.012557,1064,605122.88,67222.23825,0,
1577577600000,0.11,0.1179,0.1,0.1007,2341617.1,1577663999999,253910.350569,1596,743774.41,79882.454715,0,
1577664000000,0.1007,0.1051,0.0981,0.1013,1414151.96,1577750399999,143824.267464,946,683133.24,69463.021328,0,
1577750400000,0.1011,0.1028,0.0944,0.0955,1031227.36,1577836799999,101945.954526,684,281912.46,28176.950404,0,
1577836800000,0.0948,0.1011,0.0931,0.0989,784081.79,1577923199999,75959.916006,550,357452.83,34763.699808,0,
1577923200000,0.0987,0.1035,0.0892,0.0897,3094477.49,1578009599999,301848.884996,1674,1153834.06,114216.018298,0,
1578009600000,0.0895,0.0975,0.0869,0.0945,2014660.87,1578095999999,187565.336312,1379,1224754.28,114126.034466,0,
1578096000000,0.0944,0.0975,0.0938,0.0944,451049.32,1578182399999,42908.38211,361,244819.12,23318.998899,0,
1578182400000,0.0945,0.095,0.0913,0.092,610984.75,1578268799999,56895.187673,470,213204.37,19883.849174,0,
1578268800000,0.0921,0.1019,0.092,0.0961,1767183.1,1578355199999,172906.219615,1409,852350.08,83420.417609,0,
1578355200000,0.0962,0.1024,0.0936,0.0967,2272908.47,1578441599999,220008.008876,1480,1228512.46,119136.837609,0,
1578441600000,0.0964,0.0976,0.09,0.0914,2236551.43,1578527999999,206477.239445,1527,940919.56,87116.472522,0,
1578528000000,0.0914,0.101,0.0897,0.0912,1475393.09,1578614399999,140827.561831,1035,711228.61,68657.015312,0,
1578614400000,0.0914,0.0927,0.0891,0.0913,746362.47,1578700799999,67631.718135,651,252906.03,22993.078197,0,
1578700800000,0.0913,0.0936,0.0898,0.0899,618732.96,1578787199999,56461.99695,398,242745.14,22236.982306,0,
1578787200000,0.0902,0.0989,0.0899,0.0983,793379.89,1578873599999,75796.186142,547,532040.38,51171.972576,0,
1578873600000,0.0978,0.1,0.0936,0.0943,1117952.79,1578959999999,108685.131271,861,605040.89,59096.764154,0,
1578960000000,0.0943,0.0975,0.0919,0.0954,1483232.32,1579046399999,139185.936801,1207,647343.91,61046.111948,0,
1579046400000,0.0951,0.1012,0.0947,0.0962,1669596.19,1579132799999,163526.898683,1206,783108.17,77017.71833,0,
1579132800000,0.0961,0.0987,0.0937,0.0985,742910.2,1579219199999,71473.092344,709,348006.77,33577.656679,0,
1579219200000,0.0985,0.1031,0.0969,0.1026,1253115.9,1579305599999,125154.81444,985,658152.14,65686.571475,0,
1579305600000,0.1019,0.1059,0.0985,0.0998,1072063.31,1579391999999,109735.874214,1016,457745.24,47035.974723,0,
1579392000000,0.0995,0.111,0.0971,0.1066,3393332.39,1579478399999,353760.328607,2307,1846446.82,192599.028271,0,
1579478400000,0.1066,0.1127,0.1027,0.1085,1419303.7,1579564799999,151409.248836,1038,624217.95,66948.47744,0,
1579564800000,0.1085,0.1086,0.1011,0.1027,849099.15,1579651199999,88033.787423,621,312544.54,32423.085145,0,
1579651200000,0.1026,0.1066,0.1017,0.1036,904463.59,1579737599999,93961.465633,739,426792.98,44491.473957,0,
1579737600000,0.1036,0.1057,0.0984,0.0991,1025264.57,1579823999999,104006.231251,719,443063.86,45169.339096,0,
1579824000000,0.099,0.1,0.0929,0.0967,2089430.75,1579910399999,199206.177228,924,771880.71,73562.351709,0,
1579910400000,0.097,0.0975,0.0933,0.0936,708825.25,1579996799999,67736.265476,415,250953.62,24133.831494,0,
1579996800000,0.0937,0.0978,0.093,0.0978,406181.99,1580083199999,39081.236713,354,238295.37,22977.932826,0,
1580083200000,0.0977,0.099,0.0959,0.098,945864.03,1580169599999,91456.965974,509,580947.7,56176.673373,0,
1580169600000,0.098,0.0995,0.095,0.0964,434674.31,1580255999999,42299.205062,430,151904.35,14829.020324,0,
1580256000000,0.097,0.0973,0.0921,0.0931,1409590.02,1580342399999,132794.368228,813,371920.89,35069.653165,0,
1580342400000,0.0922,0.0948,0.0908,0.0912,685138.44,1580428799999,63318.562099,589,322632.15,29888.340322,0,
1580428800000,0.0914,0.0959,0.0911,0.095,1003571.26,1580515199999,93995.857381,613,665229.76,62443.3791,0,
1580515200000,0.0954,0.0967,0.093,0.0955,720613.0,1580601599999,68259.574293,487,349283.74,33223.389597,0,
1580601600000,0.0957,0.0974,0.095,0.0957,678176.99,1580687999999,65180.529096,554,267281.21,25756.006173,0,
1580688000000,0.0958,0.1015,0.0958,0.1011,1356191.75,1580774399999,132887.594833,1108,714110.56,70424.797929,0,
1580774400000,0.1011,0.1112,0.101,0.1089,2902796.95,1580860799999,304576.134466,1849,1557407.05,163851.216559,0,
1580860800000,0.1081,0.1107,0.1032,0.1049,1651370.07,1580947199999,175431.146764,1386,559424.61,59569.796224,0,
1580947200000,0.1057,0.183,0.1049,0.1516,19390496.53,1581033599999,2811769.07626,14406,8941928.71,1286258.381739,0,
1581033600000,0.1513,0.1957,0.144,0.1496,21897713.6,1581119999999,3701423.098318,23333,9208529.88,1566115.549843,0,
1581120000000,0.1488,0.166,0.1325,0.1479,6420533.28,1581206399999,961469.753555,7191,2756654.61,415124.688648,0,
1581206400000,0.1479,0.1948,0.1445,0.1687,8488586.49,1581292799999,1462197.355931,10105,4507814.91,782468.631596,0,
1581292800000,0.1687,0.174,0.15,0.1571,3747506.12,1581379199999,592950.843569,4694,1543977.67,245085.862823,0,
1581379200000,0.1567,0.19,0.1461,0.1797,5650141.27,1581465599999,934168.122418,7008,2772886.25,460852.827236,0,
1581465600000,0.1792,0.26,0.1791,0.1992,24552899.59,1581551999999,5357908.095687,26799,12131494.05,2678883.042636,0,
1581552000000,0.2,0.208,0.175,0.1792,6794034.39,1581638399999,1300157.828074,6888,2466462.87,473030.472724,0,
1581638400000,0.1792,0.22,0.1719,0.1845,6558620.24,1581724799999,1256828.72751,6546,3070685.49,592883.441788,0,
1581724800000,0.1841,0.2151,0.172,0.1732,4922590.35,1581811199999,945424.13215,5687,2160205.42,419374.545238,0,
1581811200000,0.1722,0.1945,0.151,0.1623,3723670.72,1581897599999,632293.957078,3519,1655090.16,282556.256882,0,
1581897600000,0.162,0.18,0.143,0.1623,4387841.57,1581983999999,697033.515761,4164,1779735.07,281746.502364,0,
1581984000000,0.1633,0.171,0.1547,0.1678,2558284.73,1582070399999,419300.270734,2408,989214.4,162342.87345,0,
1582070400000,0.1682,0.1756,0.1504,0.1529,1503342.66,1582156799999,243541.940244,1908,649322.81,106044.254174,0,
1582156800000,0.1523,0.17,0.1473,0.164,1628028.83,1582243199999,252733.226171,1791,773066.76,120815.441801,0,
1582243200000,0.1656,0.166,0.1534,0.1558,1367230.09,1582329599999,216569.389394,1400,630984.01,99987.703173,0,
1582329600000,0.1567,0.1616,0.1527,0.1575,936930.76,1582415999999,147604.314563,977,374501.15,59252.669181,0,
1582416000000,0.1575,0.186,0.1563,0.1691,2725334.83,1582502399999,470902.261202,3044,1318546.1,228529.589425,0,
1582502400000,0.1687,0.1697,0.1472,0.1483,2208999.1,1582588799999,344935.31541,2276,858275.28,134327.628614,0,
1582588800000,0.1489,0.1489,0.1358,0.1416,1462599.13,1582675199999,208870.756448,1414,640965.68,91572.770377,0,
1582675200000,0.1419,0.1494,0.1222,0.129,2287338.78,1582761599999,305069.7285,2161,644966.9,86864.229227,0,
1582761600000,0.1281,0.14,0.1214,0.1294,3244534.46,1582847999999,426103.452929,2604,1724822.42,227019.951623,0,
1582848000000,0.1294,0.1361,0.1169,0.1248,1778432.57,1582934399999,223858.195887,1683,720826.27,90409.966652,0,
1582934400000,0.1255,0.1327,0.1207,0.1218,1747086.33,1583020799999,220580.532958,1402,697709.27,88293.542219,0,
1583020800000,0.1216,0.1274,0.115,0.1164,860836.0,1583107199999,103856.42975,871,354675.51,43060.831469,0,
1583107200000,0.1164,0.1355,0.1134,0.1304,1976886.11,1583193599999,245281.186494,1819,970051.38,120055.794948,0,
1583193600000,0.1301,0.142,0.1289,0.1353,2001747.82,1583279999999,268239.601292,1915,890153.72,119493.072565,0,
1583280000000,0.1348,0.1509,0.1323,0.1477,2793850.18,1583366399999,394952.626132,2854,1367505.57,193215.882508,0,
1583366400000,0.1483,0.1629,0.1422,0.1471,3212552.83,1583452799999,481412.755045,3200,1742443.79,263593.400462,0,
1583452800000,0.1471,0.154,0.1447,0.1449,1634111.75,1583539199999,243502.325084,1959,711492.04,106041.574984,0,
1583539200000,0.146,0.1526,0.1312,0.1365,2125778.65,1583625599999,303829.432785,2105,922157.86,132630.290793,0,
1583625600000,0.136,0.1363,0.1154,0.1166,1692638.24,1583711999999,213861.249467,1381,663475.2,84111.740165,0,
1583712000000,0.1176,0.1219,0.1052,0.1167,2133344.05,1583798399999,243782.941458,1471,895474.15,102748.200051,0,
1583798400000,0.1165,0.1445,0.1155,0.1372,4463679.08,1583884799999,590251.899825,3826,2056370.84,274377.078279,0,
1583884800000,0.1368,0.166,0.1239,0.1363,11567772.69,1583971199999,1713255.752697,9081,5708103.8,851638.467643,0,
1583971200000,0.1369,0.1373,0.0613,0.0654,6752901.25,1584057599999,631328.668111,4487,2525343.08,229673.576627,0,
1584057600000,0.0647,0.0933,0.043,0.0755,6446435.49,1584143999999,441401.896572,3583,3412001.89,237028.77886,0,
1584144000000,0.0748,0.0844,0.0671,0.07,3343656.79,1584230399999,250218.986217,2082,1430476.51,106567.502337,0,
1584230400000,0.0701,0.0767,0.0677,0.0682,1999231.02,1584316799999,143207.368204,1367,895834.92,64573.75815,0,
1584316800000,0.0677,0.068,0.0494,0.0588,3580364.42,1584403199999,204761.480706,1842,1578833.05,90670.874207,0,
1584403200000,0.0591,0.0746,0.0572,0.0687,2941591.22,1584489599999,194739.84083,1680,1751202.02,116046.31032,0,
1584489600000,0.0689,0.0696,0.0609,0.0686,1353148.01,1584575999999,89731.190299,1271,488248.3,32336.190968,0,
1584576000000,0.0687,0.0871,0.0687,0.0831,3988909.06,1584662399999,312169.973678,2116,2331255.75,183598.725843,0,
1584662400000,0.0846,0.1023,0.0739,0.082,3818066.94,1584748799999,332548.567103,2601,1568885.67,137571.724529,0,
1584748800000,0.0823,0.095,0.078,0.0872,1599075.15,1584835199999,137633.950074,1120,746193.46,64103.514692,0,
1584835200000,0.0865,0.0975,0.078,0.0794,2776958.93,1584921599999,240792.108362,1933,1184710.41,103462.957059,0,
1584921600000,0.079,0.0895,0.0775,0.0858,1182765.32,1585007999999,98149.543098,1010,592500.64,49162.547032,0,
1585008000000,0.0858,0.0889,0.0825,0.0844,1212341.32,1585094399999,103636.98133,884,622252.5,52929.343288,0,
1585094400000,0.0849,0.0886,0.0811,0.0836,999739.08,1585180799999,83868.163141,695,440062.09,36907.77203,0,
1585180800000,0.0843,0.0905,0.0833,0.086,859891.84,1585267199999,73608.048791,604,414975.73,35468.503687,0,
1585267200000,0.0866,0.115,0.085,0.0874,8829483.0,1585353599999,891094.141209,5471,3937269.57,398226.411436,0,
1585353600000,0.0872,0.0904,0.0816,0.087,2441920.99,1585439999999,209214.172097,1428,1170758.82,100059.875828,0,
1585440000000,0.0869,0.0888,0.0792,0.0803,1117535.99,1585526399999,94039.463575,762,551071.01,46367.20289,0,
1585526400000,0.0805,0.0944,0.0805,0.0899,1561078.02,1585612799999,136905.804723,1007,713731.67,62136.689184,0,
1585612800000,0.0899,0.0915,0.0871,0.0872,1102218.05,1585699199999,97859.277806,702,328979.58,29346.107858,0,
1585699200000,0.0878,0.1,0.0825,0.0942,3471807.05,1585785599999,313192.569618,2268,1666263.4,150750.310573,0,
1585785600000,0.0941,0.1051,0.0916,0.0944,4985747.36,1585871999999,485802.090445,3156,2343465.03,227778.793997,0,
1585872000000,0.094,0.1,0.0926,0.0944,3191510.96,1585958399999,307351.969478,2104,1586354.95,153251.433532,0,
1585958400000,0.095,0.1008,0.095,0.0993,1906287.76,1586044799999,186119.613447,1152,1123528.23,110137.41242,0,
1586044800000,0.0991,0.0991,0.0931,0.0958,1090218.16,1586131199999,104395.814141,696,440725.99,42187.415793,0,
1586131200000,0.0963,0.1032,0.0962,0.1029,1513204.02,1586217599999,151359.151987,1154,645553.66,64607.852921,0,
1586217600000,0.1032,0.1048,0.099,0.1016,1829980.76,1586303999999,186604.356513,1289,943600.51,96518.545402,0,
1586304000000,0.1017,0.1035,0.1,0.1015,793320.93,1586390399999,80654.281383,540,395932.73,40338.370834,0,
1586390400000,0.1015,0.1132,0.1011,0.1039,1927785.08,1586476799999,203955.784855,1604,1080335.43,114541.146578,0,
1586476800000,0.1039,0.1043,0.0881,0.0919,2405357.65,1586563199999,225736.266732,1690,1031213.39,96702.90947,0,
1586563200000,0.0921,0.0955,0.0906,0.0921,553769.19,1586649599999,51563.759197,506,278946.85,25988.264435,0,
1586649600000,0.0921,0.0959,0.0907,0.0913,1048299.27,1586735999999,97568.227731,606,407641.63,38081.122054,0,
1586736000000,0.0913,0.0913,0.085,0.0886,1947261.53,1586822399999,171196.868574,1056,923142.55,81267.973404,0,
1586822400000,0.0891,0.0906,0.0857,0.089,1049681.37,1586908799999,92678.527113,642,426104.88,37793.571229,0,
1586908800000,0.0885,0.0918,0.0853,0.0855,1071235.12,1586995199999,94755.178258,489,467507.16,41326.716906,0,
1586995200000,0.0853,0.0934,0.0835,0.0921,1664151.62,1587081599999,148002.982786,1078,816992.33,72541.143958,0,
1587081600000,0.0927,0.0933,0.0893,0.0901,644223.53,1587167999999,58699.114866,373,256224.1,23393.953115,0,
1587168000000,0.0902,0.0965,0.0902,0.0947,1374141.92,1587254399999,127547.534151,632,821308.99,76108.748258,0,
1587254400000,0.0944,0.0949,0.0897,0.092,811890.09,1587340799999,74633.944733,546,364543.09,33484.588148,0,
1587340800000,0.0918,0.0933,0.085,0.0861,1173910.81,1587427199999,104209.23502,747,537444.84,47888.713712,0,
1587427200000,0.0857,0.089,0.0847,0.088,634105.72,1587513599999,54583.777253,367,303013.03,26150.308663,0,
1587513600000,0.0878,0.1032,0.0878,0.0945,2670202.3,1587599999999,259343.580074,2066,1343344.5,130285.677393,0,
1587600000000,0.0949,0.109,0.0917,0.0994,3963699.32,1587686399999,397641.587666,2543,1870474.67,187540.885876,0,
1587686400000,0.0994,0.1121,0.0994,0.1068,4055091.09,1587772799999,432661.221753,2367,1852111.69,198711.210627,0,
1587772800000,0.1072,0.1095,0.1043,0.1058,1537086.57,1587859199999,163252.630836,921,773127.6,82277.902051,0,
1587859200000,0.106,0.1158,0.1042,0.1105,3029303.86,1587945599999,332818.987985,1915,1531755.04,168684.42268,0,
1587945600000,0.1105,0.1117,0.1069,0.1084,1626264.3,1588031999999,176797.637525,1034,751111.39,81541.722269,0,
1588032000000,0.1084,0.1088,0.1034,0.106,1357679.82,1588118399999,143470.658335,893,667956.57,70643.454626,0,
1588118400000,0.1057,0.114,0.105,0.1097,2089303.63,1588204799999,227686.832659,1907,1006387.78,109752.972026,0,
1588204800000,0.1092,0.1136,0.1023,0.1031,2058502.27,1588291199999,220510.841538,1559,954333.46,102396.562438,0,
1588291200000,0.1025,0.1142,0.1025,0.1102,1607205.28,1588377599999,176448.679813,1550,779318.89,85832.035316,0,
1588377600000,0.1102,0.115,0.1087,0.111,1260574.51,1588463999999,141529.222678,1056,541706.19,60845.345036,0,
1588464000000,0.1112,0.1121,0.1039,0.1057,1495594.51,1588550399999,161486.530712,1310,675704.97,73402.89637,0,
1588550400000,0.1057,0.1062,0.1013,0.1041,1415633.18,1588636799999,146546.982857,1112,488689.29,50581.516513,0,
1588636800000,0.1037,0.1056,0.1024,0.1055,793151.92,1588723199999,82652.135314,693,338304.31,35337.385406,0,
1588723200000,0.1054,0.107,0.098,0.0982,2733436.75,1588809599999,278443.057216,1581,902057.35,92547.627149,0,
1588809600000,0.0984,0.0996,0.095,0.098,1807022.52,1588895999999,175926.423735,1113,609869.67,59402.36911,0,
1588896000000,0.0982,0.1148,0.0966,0.1108,3471112.34,1588982399999,370054.591997,2457,1679675.92,178796.154464,0,
1588982400000,0.1108,0.1126,0.1062,0.1107,1278318.98,1589068799999,140428.546332,941,514826.45,56770.929222,0,
1589068800000,0.1107,0.111,0.0891,0.0947,2288668.87,1589155199999,220986.44304,1466,734392.14,70217.247096,0,
1589155200000,0.0943,0.0967,0.0879,0.0926,1482532.38,1589241599999,137925.122102,981,718355.2,66996.698447,0,
1589241600000,0.0923,0.0993,0.092,0.0978,739524.99,1589327999999,71921.941043,519,316488.74,30755.92903,0,
1589328000000,0.097,0.114,0.097,0.1075,2958786.12,1589414399999,318176.275633,2189,1407225.48,151049.203536,0,
1589414400000,0.1077,0.1108,0.1059,0.1092,1359623.51,1589500799999,146797.765273,898,543075.12,58773.861363,0,
1589500800000,0.1092,0.114,0.1051,0.1057,1447208.72,1589587199999,159431.456487,1213,691899.56,76554.221866,0,
1589587200000,0.1051,0.1163,0.1051,0.1139,2173222.11,1589673599999,244832.215281,1552,1234630.1,139145.518363,0,
1589673600000,0.1136,0.1243,0.113,0.1218,3475687.96,1589759999999,414235.277006,2585,1768935.99,210779.614565,0,
1589760000000,0.1218,0.1255,0.1171,0.118,2225745.85,1589846399999,268054.601793,1688,1022362.77,123323.639122,0,
1589846400000,0.1185,0.119,0.1136,0.1181,1033537.72,1589932799999,119935.128003,959,507284.42,58866.670821,0,
1589932800000,0.1189,0.125,0.11,0.1177,1754004.48,1590019199999,208130.678997,1737,769591.52,91474.301542,0,
1590019200000,0.1177,0.1304,0.11,0.1155,4841903.33,1590105599999,573618.643974,3516,2170772.32,256873.238069,0,
1590105600000,0.1155,0.1332,0.1147,0.128,3694081.25,1590191999999,465892.503757,2708,1668255.57,210172.678102,0,
1590192000000,0.1277,0.1306,0.1194,0.1218,2145527.33,1590278399999,265382.434375,1558,910312.93,112816.363693,0,
1590278400000,0.1218,0.138,0.1218,0.1253,5903447.88,1590364799999,766295.343091,5137,2568427.29,334050.005585,0,
1590364800000,0.1247,0.1368,0.1236,0.1321,3420660.28,1590451199999,450251.379894,4530,1579466.66,208236.2173,0,
1590451200000,0.1321,0.138,0.1252,0.1289,2803543.84,1590537599999,366846.406073,2707,1211873.45,158606.865719,0,
1590537600000,0.129,0.1358,0.1272,0.1299,2517465.27,1590623999999,329501.354777,3933,1095741.86,143735.883163,0,
1590624000000,0.1298,0.166,0.1296,0.1521,10973556.61,1590710399999,1632784.136098,9186,5197141.64,772535.702388,0,
1590710400000,0.1523,0.1656,0.1445,0.1601,9938404.4,1590796799999,1547689.079583,9500,4460196.23,695969.441698,0,
1590796800000,0.1602,0.1633,0.1488,0.151,3782136.75,1590883199999,584833.632748,4875,1584337.0,245296.727407,0,
1590883200000,0.1513,0.1551,0.1315,0.1336,3920410.5,1590969599999,567825.550758,5237,1490870.43,216728.670704,0,
1590969600000,0.134,0.1443,0.1336,0.1422,3606153.41,1591055999999,503376.298731,4135,1568329.04,219037.923419,0,
1591056000000,0.1429,0.1431,0.117,0.1334,4288384.98,1591142399999,579612.389882,5133,1920504.6,260263.924515,0,
1591142400000,0.1329,0.1524,0.1314,0.1483,3427126.12,1591228799999,484691.878878,4642,1652184.77,234694.788432,0,
1591228800000,0.1488,0.155,0.1423,0.1519,4093757.73,1591315199999,609574.650375,4104,2116880.92,316463.619714,0,
1591315200000,0.1518,0.1519,0.1391,0.1409,3926807.8,1591401599999,566264.884214,4189,1514728.42,218818.800618,0,
1591401600000,0.1405,0.1445,0.1359,0.1375,2928496.73,1591487999999,408348.826761,3814,1158507.17,162257.864332,0,
1591488000000,0.1375,0.1411,0.1323,0.138,1551213.68,1591574399999,212994.482461,1775,609928.43,83693.429907,0,
1591574400000,0.1387,0.1496,0.1363,0.1465,3079637.95,1591660799999,444138.435936,3037,1586868.08,228834.523612,0,
1591660800000,0.1471,0.1502,0.1411,0.1466,2547850.97,1591747199999,370998.128783,3894,1273497.55,185721.284629,0,
1591747200000,0.1466,0.1548,0.1459,0.1511,2757103.78,1591833599999,414481.243056,4025,1293676.97,194810.513591,0,
1591833600000,0.1511,0.1595,0.1368,0.1404,4459851.93,1591919999999,659736.437024,4902,2083806.08,309415.330719,0,
1591920000000,0.1396,0.1617,0.1396,0.1609,2964451.77,1592006399999,443199.488721,4136,1425034.27,213758.021855,0,
1592006400000,0.1609,0.1624,0.1496,0.1624,3285479.76,1592092799999,515797.380933,4336,1943191.36,305895.243442,0,
1592092800000,0.1622,0.1622,0.139,0.1422,3018897.21,1592179199999,448668.445522,4171,1162419.33,172843.904712,0,
1592179200000,0.1425,0.1451,0.1328,0.143,3258616.27,1592265599999,454895.128847,4129,1276358.44,178479.736091,0,
1592265600000,0.143,0.1473,0.1406,0.1428,1610787.85,1592351999999,231509.096938,1940,786038.29,113272.531538,0,
1592352000000,0.1433,0.1469,0.1362,0.1467,2972274.4,1592438399999,419802.880323,4018,1292297.48,182645.052028,0,
1592438400000,0.1466,0.165,0.141,0.1485,8693782.27,1592524799999,1329257.91106,9330,4020541.27,616576.607209,0,
1592524800000,0.1484,0.1489,0.1382,0.1413,3149939.59,1592611199999,449257.330587,4305,1284621.19,183434.717393,0,
1592611200000,0.1413,0.1423,0.1372,0.1391,1617939.07,1592697599999,226168.751494,2562,697928.31,97778.299885,0,
1592697600000,0.139,0.1526,0.139,0.1419,2413447.62,1592783999999,353209.645722,2931,1262782.93,184736.527136,0,
1592784000000,0.1426,0.149,0.1425,0.1452,2660170.8,1592870399999,388054.521552,4067,1086273.89,158642.892492,0,
1592870400000,0.1457,0.1503,0.1442,0.1494,1227861.69,1592956799999,181413.574299,1348,685021.46,101357.077234,0,
1592956800000,0.1494,0.1505,0.1371,0.1407,2999775.47,1593043199999,429820.635915,3738,1016868.6,146899.620052,0,
1593043200000,0.141,0.1419,0.1293,0.138,2488440.24,1593129599999,338676.853899,2800,1216482.4,165536.286476,0,
1593129600000,0.1377,0.1397,0.131,0.1378,2071023.38,1593215999999,279593.784076,3288,930110.83,125937.630143,0,
1593216000000,0.1378,0.1378,0.1173,0.1231,4034381.12,1593302399999,513334.4651,3431,1598208.91,202440.883434,0,
1593302400000,0.1231,0.1329,0.1215,0.131,1039218.71,1593388799999,132694.63146,1244,612799.3,78094.898081,0,
1593388800000,0.131,0.1347,0.1281,0.1344,1010900.66,1593475199999,132404.941182,1228,463299.38,60673.798933,0,
1593475200000,0.1343,0.1345,0.1288,0.1325,1139610.83,1593561599999,149385.75077,1988,404567.06,53182.734603,0,
1593561600000,0.1332,0.1385,0.1318,0.1342,1565071.74,1593647999999,212214.1486,2639,661945.92,89812.498924,0,
1593648000000,0.1344,0.1384,0.1263,0.1313,1993464.2,1593734399999,266092.48196,2090,839775.72,112337.908764,0,
1593734400000,0.1311,0.1372,0.1295,0.1331,1724019.14,1593820799999,228967.143061,1489,818687.87,108976.097718,0,
1593820800000,0.1328,0.1329,0.13,0.1313,1049561.75,1593907199999,137736.253258,850,431778.92,56735.696422,0,
1593907200000,0.1311,0.132,0.125,0.1272,1393274.25,1593993599999,179382.453077,2080,478343.41,61288.698815,0,
1593993600000,0.1274,0.1347,0.1232,0.1335,4365139.42,1594079999999,554949.359179,3954,1688862.73,215971.335554,0,
1594080000000,0.133,0.1343,0.1282,0.1305,2028796.24,1594166399999,265287.306005,2485,936903.82,122819.908104,0,
1594166400000,0.1306,0.1418,0.1302,0.1398,5572043.21,1594252799999,764068.317997,5007,2884910.79,397122.705649,0,
1594252800000,0.1402,0.1542,0.1376,0.151,8394742.83,1594339199999,1250630.042485,7009,4541308.4,677307.772466,0,
1594339200000,0.1511,0.1515,0.141,0.1443,4485656.22,1594425599999,652989.347098,5030,1936707.33,282578.877559,0,
1594425600000,0.1445,0.16,0.1442,0.1516,5216958.61,1594511999999,794296.837748,5630,2241027.16,342424.588385,0,
1594512000000,0.1515,0.154,0.1455,0.1488,4187570.33,1594598399999,624307.75461,5174,1732674.57,258833.882673,0,
1594598400000,0.1487,0.1542,0.1416,0.1429,4222800.3,1594684799999,626487.77705,4767,1668027.15,248395.420633,0,
1594684800000,0.143,0.15,0.1392,0.142,4978159.82,1594771199999,712090.51851,5039,2125678.91,304174.543568,0,
1594771200000,0.142,0.1445,0.1392,0.14,3627485.02,1594857599999,513261.388903,4152,1243911.51,176398.229772,0,
1594857600000,0.1398,0.1453,0.1314,0.1403,5290871.5,1594943999999,735170.296032,4900,2182531.71,304277.543753,0,
1594944000000,0.1402,0.154,0.1382,0.1516,5969046.85,1595030399999,879415.362597,5828,3020319.91,444904.462073,0,
1595030400000,0.1516,0.1541,0.1462,0.1489,3439551.34,1595116799999,515499.900437,3525,1590909.53,238800.494385,0,
1595116800000,0.149,0.1496,0.1402,0.1442,4295212.59,1595203199999,619325.25483,2856,2017185.9,290689.905851,0,
1595203200000,0.1442,0.155,0.1415,0.1464,5567798.06,1595289599999,828965.11535,5828,2741593.52,409572.859967,0,
1595289600000,0.1464,0.165,0.1446,0.1627,10468847.98,1595375999999,1653644.695171,8841,5218157.19,826243.697396,0,
1595376000000,0.1628,0.1847,0.162,0.1705,14312357.31,1595462399999,2503179.227915,12003,7034477.14,1230800.212495,0,
1595462400000,0.1699,0.1765,0.1585,0.1628,5820071.16,1595548799999,976069.676113,6775,2340542.48,393251.367149,0,
1595548800000,0.1634,0.1727,0.162,0.1708,4888556.25,1595635199999,815393.840157,5387,2342425.17,391716.740615,0,
1595635200000,0.1708,0.1976,0.1656,0.1782,11833108.43,1595721599999,2172597.839547,11403,5470682.02,1007130.194867,0,
1595721600000,0.1783,0.1904,0.1675,0.1731,6922914.72,1595807999999,1225813.459602,7500,2952572.95,524454.368227,0,
1595808000000,0.173,0.1736,0.1391,0.1463,15262591.68,1595894399999,2338703.020708,13625,5632852.96,861255.797835,0,
1595894400000,0.1464,0.1593,0.1422,0.1562,5960468.49,1595980799999,911918.836232,5080,2773173.74,424995.712845,0,
1595980800000,0.1562,0.1649,0.1472,0.1562,6888734.94,1596067199999,1082004.799105,7430,2950511.33,464699.019156,0,
1596067200000,0.1562,0.1641,0.155,0.1591,2853048.26,1596153599999,455475.009422,4203,1356029.6,217049.594536,0,
1596153600000,0.1591,0.1811,0.1563,0.173,11603930.33,1596239999999,1975766.02179,10822,5963662.15,1017497.122233,0,
1596240000000,0.174,0.1782,0.1654,0.1681,7258215.62,1596326399999,1241058.311051,6252,3286781.05,562949.42704,0,
1596326400000,0.168,0.174,0.15,0.1723,6516453.62,1596412799999,1094375.529636,7115,2850422.89,479742.683039,0,
1596412800000,0.172,0.185,0.1698,0.1782,5748263.59,1596499199999,1017962.693621,7289,2529354.0,448464.462265,0,
1596499200000,0.178,0.1932,0.1747,0.1894,8131741.34,1596585599999,1503682.324293,8981,4001007.49,740608.300151,0,
1596585600000,0.1894,0.1938,0.1799,0.1851,6590870.81,1596671999999,1226245.212286,9207,2839237.52,529318.57493,0,
1596672000000,0.1843,0.2194,0.1827,0.2051,17031738.51,1596758399999,3498569.154046,14889,8191749.37,1682244.69356,0,
1596758400000,0.2046,0.2244,0.201,0.2103,9230174.14,1596844799999,1961859.085328,9053,4370317.2,930281.34333,0,
1596844800000,0.211,0.2355,0.2085,0.2347,8089887.5,1596931199999,1789426.591908,7650,3910243.92,863983.093251,0,
1596931200000,0.2339,0.2455,0.2239,0.2348,10115357.65,1597017599999,2374305.558142,10287,4839710.4,1135955.59106,0,
1597017600000,0.2354,0.2718,0.2184,0.2716,12231178.76,1597103999999,2925054.297263,13263,6032414.61,1449315.840594,0,
1597104000000,0.2717,0.2925,0.2297,0.2454,17348118.41,1597190399999,4486814.595048,15461,7866779.45,2033096.948073,0,
1597190400000,0.2448,0.2821,0.2356,0.2689,8866135.74,1597276799999,2289457.512762,8572,3924534.09,1018910.986278,0,
1597276800000,0.269,0.2827,0.2477,0.2682,7814660.52,1597363199999,2080529.714732,8900,3608004.56,959824.984725,0,
1597363200000,0.2694,0.32,0.2616,0.311,9503419.72,1597449599999,2797455.299978,11301,4711905.21,1387540.754389,0,
1597449600000,0.3118,0.3199,0.2769,0.2873,7586296.79,1597535999999,2231895.489216,7980,3345384.94,987574.960724,0,
1597536000000,0.2879,0.2917,0.2733,0.2774,5060096.89,1597622399999,1428562.150846,5124,2162115.05,611203.129773,0,
1597622400000,0.2774,0.28,0.2612,0.2667,5967310.3,1597708799999,1616382.861581,6041,2434556.15,660336.439893,0,
1597708800000,0.2683,0.2717,0.2423,0.259,6667651.62,1597795199999,1717299.082007,6279,2920609.89,753871.985473,0,
1597795200000,0.2576,0.2628,0.2308,0.2441,4739491.5,1597881599999,1152610.414766,4835,2053245.2,500127.903723,0,
1597881600000,0.2441,0.2881,0.2439,0.2834,5550117.55,1597967999999,1486471.482627,6544,2772305.63,745325.543251,0,
1597968000000,0.2847,0.31,0.2605,0.2614,11502879.34,1598054399999,3262892.124367,11944,5077197.99,1441121.573077,0,
1598054400000,0.2608,0.2957,0.25,0.2856,4555714.92,1598140799999,1251979.320643,5602,2069323.65,571265.026054,0,
1598140800000,0.2856,0.3097,0.2718,0.2963,7132771.15,1598227199999,2071802.933887,7121,3596696.21,1046407.547043,0,
1598227200000,0.2967,0.31,0.2801,0.2833,6032937.9,1598313599999,1764229.617334,6271,3051162.74,894280.68806,0,
1598313600000,0.2818,0.2855,0.2458,0.2591,7047851.41,1598399999999,1877963.759917,6514,3599495.14,961888.012857,0,
1598400000000,0.26,0.268,0.2429,0.2482,8472845.76,1598486399999,2135606.938312,6978,4159130.75,1048938.255728,0,
1598486400000,0.2482,0.2612,0.232,0.2458,6908868.92,1598572799999,1701018.427793,6673,3408057.14,840326.976136,0,
1598572800000,0.2458,0.2586,0.2433,0.251,3567707.83,1598659199999,890318.743991,3763,1745221.89,436172.710365,0,
1598659200000,0.2509,0.264,0.2422,0.2522,3514575.42,1598745599999,889878.190387,3711,1502841.19,380899.011747,0,
1598745600000,0.2522,0.2562,0.2454,0.2492,4505874.0,1598831999999,1128470.26033,3583,1953612.92,489970.606257,0,
1598832000000,0.2492,0.2752,0.242,0.2496,8666153.51,1598918399999,2226043.237129,7877,4167261.77,1071646.828882,0,
1598918400000,0.2499,0.2508,0.2326,0.2362,7749470.9,1599004799999,1888681.407243,6791,3251865.48,792605.078761,0,
1599004800000,0.2364,0.2398,0.2079,0.2178,6233286.58,1599091199999,1389266.44342,5566,3080873.58,686969.955895,0,
1599091200000,0.2174,0.2226,0.18,0.1811,9051150.23,1599177599999,1779561.126255,7051,4300012.38,844531.812871,0,
1599177600000,0.182,0.1926,0.1629,0.1864,6493248.97,1599263999999,1152873.45882,5326,3126575.86,554574.419594,0,
1599264000000,0.1871,0.1928,0.143,0.1549,9391199.35,1599350399999,1543466.136618,8907,4693501.27,775875.191466,0,
1599350400000,0.1544,0.2004,0.1485,0.191,6808351.71,1599436799999,1175889.258793,5790,3508345.5,608937.31137,0,
1599436800000,0.191,0.2112,0.1647,0.2077,10029511.46,1599523199999,1881189.533888,10446,5053733.5,951059.668615,0,
1599523200000,0.2086,0.2721,0.1928,0.2207,18277161.58,1599609599999,4048269.94751,16545,9348750.96,2086123.112942,0,
1599609600000,0.2218,0.2257,0.2056,0.2096,7907666.42,1599695999999,1694739.929173,7460,3777964.39,810108.049904,0,
1599696000000,0.2096,0.225,0.2038,0.2062,4828023.27,1599782399999,1030854.753413,6693,2287447.31,488469.785894,0,
1599782400000,0.2067,0.2136,0.1946,0.2131,3312276.17,1599868799999,677605.153225,3983,1547387.41,316969.041203,0,
1599868800000,0.2129,0.2381,0.21,0.2275,6946238.9,1599955199999,1561412.592909,8965,3661239.87,823536.487378,0,
1599955200000,0.2278,0.2278,0.1862,0.1992,8142778.91,1600041599999,1672012.657499,7532,3278386.42,671042.226076,0,
1600041600000,0.1992,0.2287,0.188,0.2038,7499397.43,1600127999999,1539414.417982,6966,3867980.36,794141.830608,0,
1600128000000,0.203,0.2184,0.1784,0.1795,6231732.29,1600214399999,1236863.266063,5505,2751539.38,550656.470775,0,
1600214400000,0.18,0.199,0.168,0.199,5254409.25,1600300799999,949915.557827,4446,2519470.8,456781.491659,0,
1600300800000,0.198,0.2021,0.1833,0.1873,4160403.28,1600387199999,795367.549498,3584,1958406.01,375068.664316,0,
1600387200000,0.1865,0.2027,0.18,0.1857,5188582.5,1600473599999,997815.642779,4005,2719073.96,522723.467902,0,
1600473600000,0.1849,0.1968,0.1831,0.191,2315222.14,1600559999999,433872.971961,1845,1031889.78,193207.797623,0,
1600560000000,0.1905,0.2087,0.1848,0.196,5660547.94,1600646399999,1119945.109043,4736,2667658.12,526437.183749,0,
1600646400000,0.195,0.2062,0.175,0.1848,5920284.49,1600732799999,1105226.804827,5379,2320273.19,434437.416289,0,
1600732800000,0.1848,0.1865,0.1621,0.1685,8315177.44,1600819199999,1431375.346186,5809,4195245.66,726194.973597,0,
1600819200000,0.1685,0.1724,0.15,0.1544,5600487.08,1600905599999,905833.253602,3860,2188498.81,356473.112224,0,
1600905600000,0.1538,0.1681,0.153,0.1668,3611351.0,1600991999999,575329.898058,2685,1816687.62,290565.230497,0,
1600992000000,0.1666,0.1714,0.1539,0.1656,3826080.24,1601078399999,615739.4195,2977,1902161.89,305840.42243,0,
1601078400000,0.1657,0.1742,0.1578,0.1617,3231771.08,1601164799999,528665.666915,2432,1557528.76,255402.396882,0,
1601164800000,0.1615,0.1627,0.1482,0.1563,3211467.67,1601251199999,495742.600977,2786,1501915.86,232437.811334,0,
1601251200000,0.1572,0.1614,0.1493,0.1506,2091547.79,1601337599999,327790.718822,2040,825682.95,130087.150783,0,
1601337600000,0.1506,0.1568,0.146,0.1542,1739936.24,1601423999999,264804.650851,1505,760414.92,115856.909637,0,
1601424000000,0.1545,0.1754,0.1534,0.1614,4529524.26,1601510399999,735604.810524,3471,2334021.48,378969.35038,0,
1601510400000,0.1615,0.1643,0.148,0.1555,2418406.51,1601596799999,376166.723457,2088,897201.18,140765.81128,0,
1601596800000,0.155,0.1556,0.1378,0.1484,3710375.94,1601683199999,536100.066287,2668,1530483.64,221664.29122,0,
1601683200000,0.1484,0.1589,0.1476,0.1556,1467248.04,1601769599999,224515.975261,1438,704938.52,108197.063542,0,
1601769600000,0.1561,0.1608,0.153,0.1574,1100165.54,1601855999999,172712.740155,1149,486915.17,76571.189628,0,
1601856000000,0.1574,0.1596,0.154,0.1552,922184.65,1601942399999,143339.455101,825,489288.88,76105.996056,0,
1601942400000,0.1549,0.1553,0.1402,0.1411,1753069.12,1602028799999,258310.79947,1712,704555.84,103558.387576,0,
1602028800000,0.1409,0.15,0.1365,0.1497,1439874.39,1602115199999,205627.730807,1334,662152.04,95363.65069,0,
1602115200000,0.1491,0.1534,0.1433,0.1521,1145197.35,1602201599999,170152.763432,1201,531512.06,78962.948928,0,
1602201600000,0.1528,0.1656,0.1517,0.1632,1329602.95,1602287999999,209416.711342,1350,580315.94,92148.409017,0,
1602288000000,0.1632,0.1707,0.1581,0.1584,1626852.58,1602374399999,269483.1042,1527,726311.68,120190.533897,0,
1602374400000,0.1584,0.1667,0.1582,0.1627,749195.43,1602460799999,121825.219184,762,374116.56,60852.648344,0,
1602460800000,0.1627,0.1738,0.1594,0.1661,1545185.85,1602547199999,257125.106247,1522,704768.67,117208.711457,0,
1602547200000,0.1655,0.1746,0.1614,0.1688,2053546.17,1602633599999,344003.234493,1574,976738.91,163758.328475,0,
1602633600000,0.1688,0.1739,0.1641,0.1662,1158633.7,1602719999999,195196.358507,902,556668.94,93728.369267,0,
1602720000000,0.1662,0.1822,0.1642,0.179,2692113.03,1602806399999,465736.678781,2339,1482690.11,256750.790549,0,
1602806400000,0.1788,0.186,0.1693,0.1703,2780747.04,1602892799999,489406.44734,2051,1149727.63,203568.217867,0,
1602892800000,0.1706,0.1722,0.1671,0.1698,1221480.49,1602979199999,207361.959421,989,500621.43,85086.077774,0,
1602979200000,0.1695,0.1707,0.1674,0.1707,735544.02,1603065599999,124603.510177,615,288760.87,48975.503835,0,
1603065600000,0.1707,0.1722,0.1632,0.1656,1687772.23,1603151999999,281580.960437,1561,555695.65,93160.832394,0,
1603152000000,0.165,0.167,0.1544,0.164,2466522.78,1603238399999,396086.284272,2126,873527.98,140497.402693,0,
1603238400000,0.1644,0.1705,0.1597,0.1622,1811375.62,1603324799999,301086.676758,1769,787474.05,131484.295828,0,
1603324800000,0.162,0.1699,0.1597,0.164,1775675.86,1603411199999,292474.29543,1531,810002.02,134003.596639,0,
1603411200000,0.164,0.1675,0.1575,0.1587,846038.77,1603497599999,137202.92797,1037,256225.29,41878.580179,0,
1603497600000,0.1585,0.1632,0.1561,0.1573,875835.43,1603583999999,139521.210037,848,251600.77,40134.09726,0,
1603584000000,0.1574,0.1574,0.1481,0.1491,1438184.99,1603670399999,219629.444161,1546,566876.11,86705.194977,0,
1603670400000,0.1489,0.1524,0.1375,0.1469,1378495.67,1603756799999,202030.621752,1498,668838.93,98682.522582,0,
1603756800000,0.1462,0.1558,0.1462,0.1479,1617080.98,1603843199999,243886.95017,1302,838080.58,126454.119185,0,
1603843200000,0.1493,0.1555,0.1405,0.1525,1793200.29,1603929599999,266556.119178,1414,842677.5,125930.50412,0,
1603929600000,0.1522,0.1526,0.1405,0.1425,1225835.55,1604015999999,178685.947511,1021,492248.9,72084.908754,0,
1604016000000,0.1416,0.154,0.138,0.1527,1515291.67,1604102399999,216976.412503,999,540747.81,78367.283168,0,
1604102400000,0.1527,0.1714,0.1527,0.1605,3195397.95,1604188799999,514554.699598,2167,1720653.03,277094.424128,0,
1604188800000,0.1603,0.1614,0.153,0.1586,931967.95,1604275199999,146538.909313,746,427121.32,67333.75041,0,
1604275200000,0.1596,0.1609,0.1466,0.1488,1354396.59,1604361599999,206337.706784,1027,434601.84,66402.12856,0,
1604361600000,0.1479,0.16,0.1401,0.1524,2442771.09,1604447999999,366477.817512,1485,1163748.78,174932.009607,0,
1604448000000,0.1525,0.155,0.147,0.1529,1001692.73,1604534399999,151551.902255,766,474524.61,71969.853874,0,
1604534400000,0.153,0.1578,0.147,0.153,2083420.27,1604620799999,317828.42704,1910,1027100.72,157020.814045,0,
1604620800000,0.153,0.173,0.153,0.1682,3566511.55,1604707199999,591331.898865,4462,1688582.18,280062.092393,0,
1604707200000,0.1682,0.1888,0.159,0.1712,5985395.55,1604793599999,1048212.134175,5579,3247812.47,569780.162822,0,
1604793600000,0.1712,0.203,0.1712,0.1922,6148909.3,1604879999999,1177647.176803,5020,2911870.99,556690.665843,0,
1604880000000,0.1924,0.1988,0.1782,0.1858,3519726.09,1604966399999,667423.684066,2867,1618482.88,307848.605138,0,
1604966400000,0.1858,0.2375,0.183,0.2171,7213882.02,1605052799999,1524848.96405,5090,4019142.36,852378.864194,0,
1605052800000,0.2177,0.223,0.1954,0.1964,3326638.04,1605139199999,690125.541085,3110,1386614.67,288165.648349,0,
1605139200000,0.1976,0.2898,0.1931,0.2752,18937306.39,1605225599999,4779909.194936,19460,10316034.71,2607709.577807,0,
1605225600000,0.275,0.276,0.2391,0.2656,7036670.46,1605311999999,1814604.708004,7668,3302869.16,854115.331987,0,
1605312000000,0.2655,0.2682,0.24,0.2487,3856299.39,1605398399999,966375.664996,3940,1906298.34,477623.303486,0,
1605398400000,0.2487,0.2639,0.235,0.2402,5207665.03,1605484799999,1290310.026796,4896,2715390.76,674362.353195,0,
1605484800000,0.239,0.26,0.2389,0.2499,4317625.34,1605571199999,1081667.862465,5169,2344688.4,588041.938634,0,
1605571200000,0.2506,0.256,0.2285,0.2426,5754138.62,1605657599999,1394744.092718,6274,2822044.06,685732.347013,0,
1605657600000,0.2426,0.248,0.2061,0.2202,7546765.14,1605743999999,1699887.797022,7230,3824880.32,861530.525813,0,
1605744000000,0.2209,0.237,0.2037,0.2051,7287881.11,1605830399999,1588079.741242,7800,3490993.33,762416.653487,0,
1605830400000,0.2065,0.219,0.1995,0.2155,7599535.42,1605916799999,1583463.64048,7933,3745823.14,783185.939026,0,
1605916800000,0.2155,0.2291,0.2069,0.2291,5119991.33,1606003199999,1102591.334013,7992,2735804.31,590748.673685,0,
1606003200000,0.2291,0.2295,0.2023,0.2122,3474462.43,1606089599999,738959.624392,5010,1536997.97,326871.38175,0,
1606089600000,0.2125,0.2369,0.2095,0.2334,3635111.06,1606175999999,810918.220546,6505,1817303.62,406011.737998,0,
1606176000000,0.2325,0.254,0.205,0.2278,8208984.39,1606262399999,1931449.038413,12315,4206424.8,997663.985549,0,
1606262400000,0.2276,0.254,0.2157,0.2411,5370294.65,1606348799999,1267549.963777,9872,2549001.12,602645.963711,0,
1606348800000,0.2419,0.262,0.202,0.2558,13470147.06,1606435199999,3224961.328956,16734,6487328.22,1561409.226117,0,
1606435200000,0.2558,0.2588,0.2325,0.2384,4337344.81,1606521599999,1045885.411632,7151,1775295.54,430112.730845,0,
1606521600000,0.2368,0.2449,0.2276,0.2351,2299754.65,1606607999999,543566.515887,4077,963654.33,228729.711841,0,
1606608000000,0.235,0.2399,0.2258,0.2363,2298722.97,1606694399999,532756.118633,3593,1027917.33,238612.764038,0,
1606694400000,0.2387,0.25,0.2363,0.242,3182155.6,1606780799999,768758.244182,4909,1595646.42,386066.446849,0,
1606780800000,0.242,0.2544,0.23,0.2384,3281417.52,1606867199999,795335.79607,5625,1455514.28,353726.792884,0,
1606867200000,0.2384,0.2524,0.2345,0.2463,3107588.62,1606953599999,756938.745217,4295,1600296.57,390702.366239,0,
1606953600000,0.2457,0.2506,0.2428,0.2459,2182905.88,1607039999999,537909.129568,2843,1156085.63,285283.171987,0,
1607040000000,0.2455,0.2467,0.2245,0.2256,2985380.71,1607126399999,703182.52206,3132,1292538.58,305046.549219,0,
1607126400000,0.2255,0.232,0.2243,0.2301,1786475.77,1607212799999,407995.229763,1932,917346.78,209714.335313,0,
1607212800000,0.2301,0.248,0.2294,0.247,2641901.54,1607299199999,628363.45566,3336,1453128.79,346214.587729,0,
1607299200000,0.247,0.2723,0.237,0.2656,13394063.09,1607385599999,3428093.609918,14792,7083686.19,1822469.144887,0,
1607385600000,0.2658,0.3171,0.2642,0.2854,24652922.56,1607471999999,7175574.323446,26793,12451420.53,3627767.256196,0,
1607472000000,0.2853,0.2927,0.2493,0.2757,11275127.92,1607558399999,3059387.66075,11626,5170034.17,1404097.733196,0,
1607558400000,0.2756,0.2774,0.2469,0.2618,7566251.79,1607644799999,1963825.227567,8873,3649088.77,947591.829213,0,
1607644800000,0.262,0.292,0.2491,0.275,11997084.22,1607731199999,3268449.898798,12889,5859634.31,1597413.561953,0,
1607731200000,0.2745,0.3059,0.2731,0.2958,8178039.07,1607817599999,2398212.126509,9755,4215862.8,1235541.655438,0,
1607817600000,0.2956,0.3392,0.2921,0.3237,14463382.23,1607903999999,4574308.035249,15756,7274486.8,2294980.979165,0,
1607904000000,0.3255,0.345,0.3106,0.3194,8386936.96,1607990399999,2745727.589538,10940,3760950.09,1234720.464421,0,
1607990400000,0.319,0.3269,0.2981,0.3041,6778358.11,1608076799999,2093536.664596,9781,2865795.39,888048.352563,0,
1608076800000,0.3031,0.307,0.2831,0.2997,7388570.19,1608163199999,2188548.625884,9121,3242120.94,962534.590726,0,
1608163200000,0.2997,0.31,0.2866,0.2967,7091152.05,1608249599999,2107742.785339,8969,3191832.08,950244.533934,0,
1608249600000,0.2968,0.3177,0.2959,0.3172,5746360.63,1608335999999,1751157.28002,8021,2885295.43,881108.055723,0,
1608336000000,0.3172,0.318,0.298,0.3036,4901398.73,1608422399999,1498176.681006,6955,1928982.4,590934.271785,0,
1608422400000,0.3023,0.3065,0.287,0.2935,2960410.48,1608508799999,866995.168578,4789,1282396.98,375180.124043,0,
1608508800000,0.2944,0.2944,0.2705,0.2792,2782046.99,1608595199999,784876.635062,3848,1205088.57,339757.691156,0,
1608595200000,0.2808,0.305,0.2772,0.2826,4618634.51,1608681599999,1336767.383977,6185,2116134.33,612622.469496,0,
1608681600000,0.2839,0.2849,0.2574,0.2607,5303611.51,1608767999999,1442984.949631,5077,2394744.41,653135.289814,0,
1608768000000,0.2618,0.294,0.2419,0.2814,5179431.49,1608854399999,1359438.291183,5894,2602665.42,689167.100583,0,
1608854400000,0.2814,0.315,0.2802,0.3029,6785597.71,1608940799999,2035603.023057,7961,3265733.48,981458.897303,0,
1608940800000,0.3028,0.326,0.291,0.3199,6422380.76,1609027199999,1975497.762896,7926,3649419.3,1122277.638243,0,
1609027200000,0.3199,0.45,0.3106,0.4133,34591339.02,1609113599999,13358350.734639,40020,17690671.53,6833038.25574,0,
1609113600000,0.4136,0.4367,0.3686,0.3876,14330462.42,1609199999999,5660026.747761,22198,6355356.08,2513254.319358,0,
1609200000000,0.39,0.4357,0.3535,0.4099,12114071.01,1609286399999,4790863.489286,19105,5610375.99,2227040.70593,0,
1609286400000,0.4097,0.45,0.3795,0.3953,11790860.15,1609372799999,4739432.578934,18638,6627665.03,2670451.912164,0,
1609372800000,0.3969,0.4206,0.3742,0.396,8043499.85,1609459199999,3197466.570654,11093,3810271.93,1519143.689581,0,
1609459200000,0.396,0.4457,0.3949,0.4272,11214474.39,1609545599999,4726645.612042,16116,5938398.37,2508584.274928,0,
1609545600000,0.4293,0.4894,0.4261,0.4573,21710037.66,1609631999999,9995094.023715,28383,10676217.18,4920470.073698,0,
1609632000000,0.4568,0.53,0.4544,0.4818,16250899.65,1609718399999,7963264.626431,23968,8251272.63,4052358.055166,0,
1609718400000,0.4834,0.51,0.4208,0.491,15712589.27,1609804799999,7440278.57457,22403,7599731.88,3609498.155786,0,
1609804800000,0.4935,0.5439,0.4533,0.5214,10234752.55,1609891199999,5187405.684608,19676,5274984.65,2680433.464126,0,
1609891200000,0.5223,0.5481,0.486,0.5241,10994152.96,1609977599999,5696464.53055,21162,4870654.95,2532344.872606,0,
1609977600000,0.5217,0.5685,0.5,0.5426,8048651.81,1610063999999,4337314.186674,16375,3897063.46,2104677.083855,0,
1610064000000,0.5426,0.5446,0.4571,0.4941,9200223.72,1610150399999,4634478.80459,17858,4370271.86,2200763.210946,0,
1610150400000,0.4942,0.525,0.485,0.4983,6438495.15,1610236799999,3218455.69438,13244,2949849.89,1477338.999226,0,
1610236800000,0.4994,0.5299,0.44,0.4735,9558231.1,1610323199999,4657577.039397,16195,4651107.36,2270272.616915,0,
1610323200000,0.4722,0.4969,0.3867,0.4951,18272366.48,1610409599999,7985357.334618,21119,8586019.62,3765115.771579,0,
1610409600000,0.4951,0.5363,0.4508,0.4825,13839234.7,1610495999999,6873294.34688,20688,6526810.24,3250801.688981,0,
1610496000000,0.4844,0.5733,0.463,0.5572,12470500.19,1610582399999,6551709.897387,20104,6204811.26,3261491.659644,0,
1610582400000,0.5573,0.598,0.4874,0.508,15920066.63,1610668799999,8574635.414431,31347,6987203.9,3779444.761597,0,
1610668800000,0.5075,0.522,0.4437,0.4887,13790874.33,1610755199999,6746110.128879,25015,5835642.53,2854921.263729,0,
1610755200000,0.4876,0.51,0.4664,0.4766,7592606.12,1610841599999,3728828.090081,14826,3463956.79,1703882.173284,0,
1610841600000,0.4766,0.525,0.4582,0.4897,8081284.58,1610927999999,3961731.002841,16234,3949345.89,1937880.86963,0,
1610928000000,0.4896,0.508,0.4756,0.4798,5191253.11,1611014399999,2541917.035709,11475,2125133.09,1043324.81094,0,
1611014400000,0.4799,0.5426,0.4639,0.5046,13787893.56,1611100799999,6962249.278695,28280,6650922.15,3363445.43008,0,
1611100800000,0.5037,0.517,0.4752,0.4926,7614641.48,1611187199999,3764205.765255,15289,3200240.76,1585708.470032,0,
1611187200000,0.4924,0.504,0.44,0.4529,10519569.43,1611273599999,5010694.768252,18010,4917675.55,2349125.262674,0,
1611273600000,0.453,0.495,0.4328,0.4765,5528809.61,1611359999999,2625099.172145,11835,2577080.91,1225719.895429,0,
1611360000000,0.4779,0.494,0.4742,0.4847,4055408.73,1611446399999,1966060.317391,9179,1957114.42,949306.520971,0,
1611446400000,0.4844,0.5091,0.4812,0.4951,8644576.46,1611532799999,4302542.466955,17314,4131007.24,2056357.83338,0,
1611532800000,0.4953,0.5027,0.4651,0.4663,6345319.14,1611619199999,3093992.162876,13233,2810928.82,1372358.263047,0,
1611619200000,0.4691,0.476,0.4562,0.4708,4051296.95,1611705599999,1887634.367386,8363,2008536.54,936836.292338,0,
1611705600000,0.4721,0.4753,0.4201,0.426,4870240.58,1611791999999,2170830.777641,10601,2220197.41,991074.49182,0,
1611792000000,0.426,0.455,0.422,0.4419,4656955.0,1611878399999,2059190.74081,10673,2180709.2,964494.851839,0,
1611878400000,0.4413,0.4622,0.4262,0.4408,8902943.34,1611964799999,3958239.980764,15427,4184015.67,1863119.318048,0,
1611964800000,0.4408,0.4537,0.4118,0.4287,11549532.27,1612051199999,4938458.365569,21476,4861163.47,2080311.50287,0,
1612051200000,0.4286,0.445,0.4127,0.4276,6436669.9,1612137599999,2756528.746444,12803,2784414.38,1193987.545323,0,
1612137600000,0.4286,0.45,0.4109,0.4439,10823254.89,1612223999999,4665819.915089,17208,5289394.0,2290712.999061,0,
1612224000000,0.4433,0.47,0.4361,0.4633,7468785.79,1612310399999,3390460.555053,15802,3453494.65,1569523.453302,0,
1612310400000,0.4616,0.4934,0.4562,0.4624,8685012.98,1612396799999,4076828.174926,17482,4146243.24,1948426.179559,0,
1612396800000,0.463,0.4678,0.431,0.4491,11515786.19,1612483199999,5208312.361085,20642,5111367.33,2312084.547622,0,
1612483200000,0.449,0.475,0.4425,0.466,11817670.72,1612569599999,5467835.819744,22955,6205235.98,2874788.970671,0,
1612569600000,0.466,0.4697,0.4424,0.4459,11528572.37,1612655999999,5230096.282135,24348,5087441.06,2309380.43949,0,
1612656000000,0.4459,0.4855,0.4306,0.4689,16380590.73,1612742399999,7526407.015163,30379,8243751.92,3796408.807068,0,
1612742400000,0.4699,0.4907,0.4582,0.4802,13732455.12,1612828799999,6562203.860775,25986,6442804.39,3082322.966382,0,
1612828800000,0.482,0.7079,0.4731,0.5323,59510643.96,1612915199999,34401864.076013,76211,31079787.86,18018551.783939,0,
1612915200000,0.5323,0.5906,0.4941,0.5697,24950299.58,1613001599999,13426934.551799,47668,11787839.28,6363575.458311,0,
1613001600000,0.57,0.6666,0.542,0.645,26679386.57,1613087999999,16219226.509963,57028,13866269.94,8442523.019079,0,
1613088000000,0.6455,0.78,0.645,0.7285,26715778.19,1613174399999,19268492.916579,64855,13880152.4,10010277.684908,0,
1613174400000,0.7289,0.78,0.66,0.6971,12858137.09,1613260799999,9267593.298652,37640,6114184.54,4410967.13494,0,
1613260800000,0.6977,0.7437,0.6268,0.6689,11253504.57,1613347199999,7615654.118516,29508,4923861.6,3351441.035567,0,
1613347200000,0.6691,0.7495,0.5851,0.6905,13004254.12,1613433599999,8724548.07496,31985,6529832.24,4380794.532201,0,
1613433600000,0.6919,0.74,0.6487,0.6752,8253096.7,1613519999999,5737227.459179,22180,3760037.85,2612351.646574,0,
1613520000000,0.6748,0.728,0.6531,0.7158,9764631.29,1613606399999,6773654.250605,26100,5045996.26,3501508.508439,0,
1613606400000,0.7158,0.7989,0.71,0.7888,9152949.62,1613692799999,6818506.985515,28315,4773604.14,3561986.125914,0,
1613692800000,0.7892,0.8995,0.763,0.8367,13082723.85,1613779199999,10845368.757142,49447,6251208.55,5181482.936976,0,
1613779200000,0.8369,0.8551,0.7216,0.7675,11546615.29,1613865599999,9311476.958247,37800,5017313.17,4052584.255378,0,
1613865600000,0.7676,0.8375,0.7447,0.8149,8396118.09,1613951999999,6687277.899685,28971,4528883.08,3611263.838883,0,
1613952000000,0.816,0.8179,0.625,0.7836,12707848.24,1614038399999,9248795.150985,39216,6352057.61,4630775.92531,0,
1614038400000,0.7841,0.8533,0.6084,0.8481,20874899.9,1614124799999,15252985.482418,53911,10415874.82,7637668.853158,0,
1614124800000,0.8468,1.1996,0.7828,1.096,64823168.24,1614211199999,66860316.292828,172902,32221701.96,33309547.661607,0,
1614211200000,1.097,1.19,1.0,1.0332,20801622.38,1614297599999,22758728.951567,69683,10102931.46,11068602.318084,0,
1614297600000,1.0379,1.069,0.8876,1.0117,13451859.98,1614383999999,12989126.172448,50345,6140225.92,5952162.403107,0,
1614384000000,1.0111,1.1416,0.9717,1.0008,8923316.23,1614470399999,9467694.580243,40991,4247300.01,4521185.032436,0,
1614470400000,1.0028,1.0341,0.8745,0.9315,9627113.9,1614556799999,9071343.919084,32131,4259432.89,4017223.624108,0,
1614556800000,0.9316,1.0045,0.9257,0.9781,7551332.85,1614643199999,7262330.004459,28468,3528046.95,3404653.999853,0,
1614643200000,0.9785,1.0244,0.9222,1.0137,8505989.2,1614729599999,8326874.519094,32368,4200723.85,4114433.261063,0,
1614729600000,1.0137,1.1051,1.0016,1.0437,6900293.35,1614815999999,7333000.104905,30536,3544253.48,3764922.887935,0,
1614816000000,1.0436,1.35,0.98,1.1969,27161611.67,1614902399999,31805640.308372,88840,14701128.49,17286347.846471,0,
1614902400000,1.1965,1.42,1.1,1.2116,25610045.12,1614988799999,32294579.494747,100954,13156928.62,16616025.74535,0,
1614988800000,1.2106,1.2406,1.1126,1.186,8344210.57,1615075199999,9806480.767554,41668,4221900.88,4967740.760113,0,
1615075200000,1.1855,1.27,1.132,1.2028,7581843.66,1615161599999,9050999.809192,39151,3809587.92,4559629.689338,0,
1615161600000,1.2048,1.2386,1.13,1.199,5909143.34,1615247999999,6953066.742064,28794,2878226.88,3388271.336614,0,
1615248000000,1.1991,1.2579,1.1451,1.23,7435870.16,1615334399999,8851165.389464,36104,3691884.18,4402226.767007,0,
1615334400000,1.2299,1.2499,1.107,1.1147,5106606.5,1615420799999,5939378.149954,24074,2187153.26,2544823.303895,0,
1615420800000,1.1141,1.1411,1.0703,1.0978,3989592.0,1615507199999,4429254.871864,21978,1957324.63,2175050.557636,0,
1615507200000,1.0981,1.2756,1.07,1.1553,9832180.41,1615593599999,11514160.247056,54728,5409813.41,6344570.951665,0,
1615593600000,1.1581,1.3,1.0956,1.2645,17276903.25,1615679999999,21426314.696203,72238,9272413.57,11545470.941448,0,
1615680000000,1.2645,1.2699,1.146,1.1474,5253271.62,1615766399999,6275616.925693,28256,2451679.93,2930783.188888,0,
1615766400000,1.146,1.1686,1.08,1.1184,4481412.68,1615852799999,5036531.470066,24753,2106488.3,2371879.406343,0,
1615852800000,1.1184,1.15,1.0659,1.1287,4221508.31,1615939199999,4760776.929065,23507,2150055.21,2428216.26173,0,
1615939200000,1.129,1.2179,1.12,1.2122,4720344.13,1616025599999,5526231.004291,27334,2390166.26,2803165.868564,0,
1616025600000,1.2129,1.33,1.2102,1.3188,6678681.19,1616111999999,8538246.029648,36464,3581940.29,4578119.644121,0,
1616112000000,1.3184,1.4088,1.27,1.3607,5298742.36,1616198399999,7170777.483477,29992,2745176.17,3717136.992708,0,
1616198400000,1.3609,1.4498,1.2466,1.247,5685242.11,1616284799999,7678661.212716,30650,2616927.74,3546930.001328,0,
1616284800000,1.247,1.3035,1.1951,1.2731,4427194.04,1616371199999,5548585.378477,24446,2100648.99,2634293.940606,0,
1616371200000,1.2767,1.364,1.22,1.2519,7116794.49,1616457599999,9271201.679332,38859,3336322.37,4356270.204575,0,
1616457600000,1.2519,1.357,1.2197,1.2703,5771834.07,1616543999999,7435919.89734,34681,3035550.76,3912336.739507,0,
1616544000000,1.2719,1.3237,1.1771,1.1907,3521200.99,1616630399999,4481317.47958,23725,1604253.94,2046286.803194,0,
1616630400000,1.1907,1.2332,1.065,1.1758,6647431.94,1616716799999,7540692.234452,33895,3378690.33,3834248.457802,0,
1616716800000,1.1732,1.2289,1.169,1.2244,2818426.56,1616803199999,3383633.58545,17159,1508432.04,1812486.314384,0,
1616803200000,1.2246,1.2987,1.1569,1.2633,4846666.49,1616889599999,5991969.953695,26962,2621708.67,3240185.056876,0,
1616889600000,1.2658,1.29,1.2255,1.252,25506352.31,1616975999999,32264609.211614,70243,12863400.14,16308516.138972,0,
1616976000000,1.2524,1.2724,1.2267,1.2441,2820916.29,1617062399999,3520211.096118,18525,1341044.6,1675350.822003,0,
1617062400000,1.2441,1.2865,1.2358,1.2396,3395808.81,1617148799999,4286665.860108,21676,1519219.33,1920267.390741,0,
1617148800000,1.2404,1.273,1.1688,1.2147,3103671.87,1617235199999,3771092.154416,17470,1396024.44,1698948.026082,0,
1617235200000,1.2155,1.2803,1.1917,1.256,2809601.2,1617321599999,3445562.921912,15240,1397430.48,1717135.312101,0,
1617321600000,1.2558,1.302,1.2096,1.2154,3398809.1,1617407999999,4285767.855632,19359,1625676.8,2056099.461428,0,
1617408000000,1.2154,1.233,1.1136,1.1162,3563641.73,1617494399999,4242331.970511,18001,1382124.78,1644113.947693,0,
1617494400000,1.1157,1.1704,1.1079,1.155,2678788.28,1617580799999,3079899.505084,13982,1186051.9,1364245.079638,0,
1617580800000,1.155,2.8499,1.1291,2.5572,152298641.77,1617667199999,338624993.985718,602241,78277612.58,173683782.128145,0,
1617667200000,2.5483,2.69,1.8419,1.9648,42884325.03,1617753599999,94834942.996988,212673,21310533.65,47057192.151466,0,
1617753600000,1.9648,2.0093,1.52,1.7256,20787413.37,1617839999999,35086123.590587,101406,10535054.02,17748192.60382,0,
1617840000000,1.726,1.923,1.6618,1.907,12220505.6,1617926399999,22355831.528333,81140,6268102.71,11468569.419181,0,
1617926400000,1.9032,2.15,1.852,1.9827,18344848.28,1618012799999,37102229.31179,98394,9673408.92,19584323.508876,0,
1618012800000,1.9819,2.085,1.8636,1.9095,7832982.17,1618099199999,15411521.404912,53930,3878889.79,7640191.93099,0,
1618099200000,1.9123,1.9689,1.8514,1.8796,5260352.1,1618185599999,10061639.230905,36990,2703701.32,5176413.569204,0,
1618185600000,1.8788,2.317,1.87,2.084,12151106.24,1618271999999,25862350.951729,85257,6245436.98,13306884.570688,0,
1618272000000,2.0841,2.4212,2.0785,2.3045,13855210.42,1618358399999,31255671.683058,113393,7169883.31,16183862.188782,0,
1618358400000,2.304,2.7,2.165,2.699,18054558.17,1618444799999,43249781.940291,133152,10222180.9,24572255.953039,0,
1618444800000,2.6984,2.73,2.471,2.6624,10098572.51,1618531199999,25743801.505132,73780,4940817.67,12621011.806618,0,
1618531200000,2.6624,2.6713,2.2382,2.3689,6559582.19,1618617599999,15724661.216125,57598,2982907.09,7137578.976565,0,
1618617600000,2.3691,2.469,2.2074,2.2576,6022347.48,1618703999999,13800946.070887,51900,2980581.92,6838007.329228,0,
1618704000000,2.2571,2.2786,1.7889,1.9898,6169752.01,1618790399999,12202922.643552,37867,2909672.81,5738864.877201,0,
1618790400000,1.9845,2.49,1.9421,2.2846,12416586.33,1618876799999,27918681.862784,95741,6450351.45,14500520.24567,0,
1618876800000,2.2855,2.6683,2.2567,2.4364,21529513.27,1618963199999,53043566.673242,138893,10957631.38,27056955.001066,0,
1618963200000,2.438,2.4421,2.2132,2.2419,6484463.41,1619049599999,15104975.556775,48483,3372166.49,7844669.56998,0,
1619049600000,2.2429,2.45,2.0144,2.0437,8568057.09,1619135999999,19408603.084324,62448,4493640.81,10211325.566948,0,
1619136000000,2.0427,2.1976,1.6801,1.9648,10647371.81,1619222399999,19904032.159388,57158,5442502.49,10177428.376378,0,
1619222400000,1.9648,1.9716,1.7453,1.7731,4116678.5,1619308799999,7534527.891914,26326,2034560.04,3726617.947503,0,
1619308800000,1.773,1.902,1.6358,1.7555,3234871.82,1619395199999,5823522.460625,21017,1622935.56,2934930.04205,0,
1619395200000,1.756,2.0913,1.7432,2.0291,5179219.38,1619481599999,10124264.66135,34504,2785075.37,5441682.719524,0,
1619481600000,2.0293,2.282,2.002,2.2426,5666334.56,1619567999999,12260709.703334,47518,3031181.64,6566837.103815,0,
1619568000000,2.2426,2.3,2.0251,2.2408,4042901.88,1619654399999,8729360.81095,35158,2154094.33,4655377.476321,0,
1619654400000,2.234,2.242,2.0755,2.138,3248724.56,1619740799999,6956473.692972,22417,2072144.85,4438072.746172,0,
1619740800000,2.138,2.2,2.0738,2.1836,3027456.68,1619827199999,6450625.13669,24762,1873211.32,3996741.863446,0,
1619827200000,2.1826,2.1895,2.0931,2.1462,3058392.82,1619913599999,6541760.626546,25669,1532082.07,3276266.204411,0,
1619913600000,2.1467,2.1592,2.0504,2.0726,2736995.45,1619999999999,5714010.900687,19782,1342427.54,2803234.999742,0,
1620000000000,2.0726,2.15,2.0575,2.0702,4607272.8,1620086399999,9674448.682904,33968,2555820.53,5370174.530603,0,
1620086400000,2.0729,2.2195,1.9503,2.0128,10054518.75,1620172799999,21170018.5044,67184,5606417.89,11818263.509392,0,
1620172800000,2.0128,2.1456,1.9547,2.1311,5179775.61,1620259199999,10673314.961559,38640,2653165.02,5469855.284003,0,
1620259200000,2.1311,2.1326,1.9787,2.0207,3785588.36,1620345599999,7752344.259509,31129,1943865.88,3981788.183384,0,
1620345600000,2.0217,2.1064,1.8817,2.0064,4934347.73,1620431999999,9863863.783424,42647,2624275.69,5250681.506983,0,
1620432000000,2.0037,2.13,1.98,2.0164,5176348.59,1620518399999,10581845.312067,38545,2715610.07,5555187.420481,0,
1620518400000,2.0147,2.0164,1.826,1.9358,4624053.07,1620604799999,8827739.136351,33241,2143446.11,4094220.650374,0,
1620604800000,1.9359,1.9599,1.6345,1.73,6837781.6,1620691199999,12588887.407559,42350,3197865.23,5896795.214657,0,
1620691200000,1.7299,1.9565,1.6971,1.8883,7955844.14,1620777599999,14601850.805443,53567,4261581.93,7808118.885215,0,
1620777600000,1.8883,1.9409,1.6308,1.6316,6070279.19,1620863999999,11158528.535937,43423,2902641.74,5352754.998671,0,
1620864000000,1.6321,1.7065,1.5062,1.5911,6171734.4,1620950399999,9877610.410602,31302,3025661.82,4842879.279485,0,
1620950400000,1.5933,1.7095,1.576,1.6739,3343386.11,1621036799999,5518655.118135,19830,1787027.01,2950386.554301,0,
1621036800000,1.6771,1.6858,1.5414,1.5711,4116667.35,1621123199999,6646609.355845,23414,2168710.43,3498822.120779,0,
1621123200000,1.5696,1.6571,1.43,1.5245,4576308.23,1621209599999,7103997.175252,23901,2300952.78,3573762.193446,0,
1621209600000,1.5249,1.5657,1.3127,1.3573,6848371.44,1621295999999,9509514.342624,29455,3340419.24,4638855.421694,0,
1621296000000,1.3594,1.45,1.3339,1.3871,6564550.41,1621382399999,9065955.578616,27686,3294571.28,4552854.252222,0,
1621382400000,1.3863,1.4023,0.758,0.9134,12862000.65,1621468799999,13575902.939725,41257,5884907.27,6267038.735347,0,
1621468800000,0.9218,1.0852,0.77,1.0741,7394074.78,1621555199999,7108625.565028,26967,3862225.91,3711303.471955,0,
1621555200000,1.0721,1.2311,0.8601,1.0214,11388014.55,1621641599999,12276671.505755,33776,5920716.7,6381467.037905,0,
1621641600000,1.0219,1.0475,0.907,0.9861,6753351.95,1621727999999,6597177.676987,27300,3629298.07,3544706.608774,0,
1621728000000,0.9879,1.0,0.75,0.913,7027993.62,1621814399999,6016064.720189,19328,3368662.98,2880077.600379,0,
1621814400000,0.9179,1.43,0.9179,1.0667,23652240.8,1621900799999,26601429.888997,77476,12470741.9,14105432.89009,0,
1621900800000,1.0713,1.0879,0.9337,1.0191,11157730.65,1621987199999,11128839.044317,42334,5376787.69,5342087.894654,0,
1621987200000,1.0184,1.0802,0.9787,1.08,5432671.31,1622073599999,5606492.467802,26344,2821828.31,2914146.825452,0,
1622073600000,1.0767,1.2098,1.0322,1.1139,13017868.67,1622159999999,14850748.336041,54573,6921907.77,7890166.281395,0,
1622160000000,1.1141,1.1259,0.92,0.9636,7714375.71,1622246399999,7720225.775325,26888,4036080.16,4021759.554304,0,
1622246400000,0.9636,1.058,0.9154,0.9691,8540527.51,1622332799999,8371370.357305,30287,4795969.26,4699261.625129,0,
1622332800000,0.9701,1.0092,0.9162,0.9683,11484968.69,1622419199999,11219276.047749,32292,5834955.67,5701849.693437,0,
1622419200000,0.9654,1.0,0.9,0.9983,6388431.23,1622505599999,6131831.141972,25575,3456237.89,3324521.71746,0,
1622505600000,0.9983,1.0096,0.9453,0.9723,5069135.05,1622591999999,4916763.069248,21254,2576538.63,2497979.780208,0,
1622592000000,0.9738,1.0385,0.9635,1.0071,5585564.5,1622678399999,5591318.055901,24432,3092868.47,3094672.32929,0,
1622678400000,1.0065,1.0513,0.989,1.0492,4635696.07,1622764799999,4748512.643193,19098,2263125.89,2319050.744824,0,
1622764800000,1.0481,1.0894,0.9587,1.0243,7724409.51,1622851199999,7862845.523874,28044,3940912.27,4012093.966653,0,
1622851200000,1.0265,1.0491,0.9394,0.9693,5140878.46,1622937599999,5137161.778522,21375,2637974.55,2632770.892879,0,
1622937600000,0.9714,1.0329,0.961,1.0,4608051.64,1623023999999,4596388.212703,18727,2345097.16,2338625.40558,0,
1623024000000,1.0,1.0417,0.9116,0.9256,5005922.47,1623110399999,4968764.315695,20619,2560684.47,2542508.816615,0,
1623110400000,0.9267,0.937,0.8218,0.9094,6889350.3,1623196799999,6104557.549316,25809,3346354.52,2961844.389724,0,
1623196800000,0.9089,0.9427,0.8565,0.931,6584239.6,1623283199999,5934637.173809,23410,3330516.48,3000256.40332,0,
1623283200000,0.9311,0.9489,0.8826,0.9154,5252189.66,1623369599999,4818639.48075,19079,2728207.74,2505213.320384,0,
1623369600000,0.9161,1.0045,0.8778,0.8865,5636060.38,1623455999999,5214166.933973,21375,2961850.42,2738962.659916,0,
1623456000000,0.8867,0.89,0.8102,0.838,4154413.61,1623542399999,3503419.360275,15932,2041127.71,1721298.376415,0,
1623542400000,0.8379,0.917,0.8215,0.8959,4211976.21,1623628799999,3591468.476438,16514,2200761.76,1873689.68771,0,
1623628800000,0.8949,0.9062,0.8605,0.8963,5186429.42,1623715199999,4576966.264981,14712,2709372.43,2392085.609754,0,
1623715200000,0.8959,0.9175,0.8668,0.8896,3420223.54,1623801599999,3037517.261964,13124,1727232.36,1533857.019714,0,
1623801600000,0.8898,1.041,0.8885,0.9353,9455648.31,1623887999999,8885395.944951,33927,4931334.6,4625905.660247,0,
1623888000000,0.9329,0.9587,0.88,0.8981,2956743.8,1623974399999,2679700.246694,13893,1464125.78,1325488.338117,0,
1623974400000,0.8987,0.8987,0.8026,0.8284,5426861.58,1624060799999,4565535.412731,17506,2803187.49,2355855.087285,0,
1624060800000,0.8267,0.8401,0.8026,0.8154,2303037.81,1624147199999,1898035.103345,9920,1210149.31,996983.742507,0,
1624147200000,0.8154,0.8312,0.7432,0.7973,4123777.09,1624233599999,3235991.99677,15693,2005257.29,1574446.85802,0,
1624233600000,0.7958,0.8001,0.5869,0.5869,11281977.99,1624319999999,7617432.556952,31770,5089419.44,3447576.634228,0,
1624320000000,0.5876,0.6454,0.5,0.6027,13205056.86,1624406399999,7571984.623783,32360,6271473.74,3590117.067793,0,
1624406400000,0.6046,0.6585,0.5772,0.6469,5593143.14,1624492799999,3524938.304283,18533,2736226.81,1720693.596396,0,
1624492800000,0.6469,0.7336,0.6077,0.7235,9190819.11,1624579199999,6286678.36941,26555,5064166.47,3473820.541661,0,
1624579200000,0.7239,0.7588,0.6351,0.6402,9357703.16,1624665599999,6333609.381517,30554,4598467.52,3109038.836341,0,
1624665600000,0.64,0.6657,0.5986,0.6476,6594203.52,1624751999999,4123378.442311,21945,3350843.02,2095308.426217,0,
1624752000000,0.6473,0.7117,0.6329,0.689,7228378.86,1624838399999,4741836.890273,21013,3543169.4,2322871.003279,0,
1624838400000,0.6874,0.7199,0.6641,0.7102,5893544.95,1624924799999,4079983.788978,17441,3117738.07,2158712.306032,0,
1624924800000,0.7109,0.7635,0.7004,0.751,3590970.1,1625011199999,2649837.652095,13861,2079941.81,1535384.377372,0,
1625011200000,0.7534,0.8,0.7235,0.7897,4738125.83,1625097599999,3601085.460335,16547,2367119.98,1803912.059291,0,
1625097600000,0.7913,0.8033,0.7308,0.7763,3688063.82,1625183999999,2794871.042414,13710,2055562.17,1556706.939134,0,
1625184000000,0.7749,0.8967,0.7721,0.8043,9553957.5,1625270399999,7756551.035937,29856,5033408.38,4088414.201983,0,
1625270400000,0.8058,0.8497,0.7767,0.8473,6416374.86,1625356799999,5234214.124768,21385,3373392.39,2753439.69654,0,
1625356800000,0.8466,0.9005,0.8043,0.8597,11180413.11,1625443199999,9675124.960049,29811,6077789.03,5266222.446872,0,
1625443200000,0.8562,0.8706,0.7854,0.812,19652592.37,1625529599999,16460813.569874,37208,10791199.64,9039872.152816,0,
1625529600000,0.8115,0.8772,0.8102,0.874,12133582.16,1625615999999,10295959.267877,23826,6803949.89,5774161.708516,0,
1625616000000,0.877,1.0332,0.8743,0.9755,7399863.9,1625702399999,7079946.316837,25864,3925619.07,3748885.502181,0,
1625702400000,0.9743,1.28,0.9742,1.2132,28486346.91,1625788799999,32465700.912333,115703,14741135.62,16837795.180006,0,
1625788800000,1.2168,1.2388,1.0006,1.1811,15319594.32,1625875199999,16576293.900222,61633,7519113.28,8128541.435574,0,
1625875200000,1.1845,1.3418,1.1105,1.2288,13808950.04,1625961599999,17016365.491162,66849,6999350.76,8640653.096257,0,
1625961600000,1.228,1.4709,1.222,1.3753,13675148.31,1626047999999,18815238.595041,74161,6969162.77,9580240.110355,0,
1626048000000,1.3752,1.3753,1.1843,1.1843,7125081.56,1626134399999,8952448.799734,39445,3413499.56,4298599.333491,0,
1626134400000,1.1843,1.2429,1.1222,1.1707,7692475.53,1626220799999,9070222.045876,41085,4105389.02,4842197.676418,0,
1626220800000,1.1731,1.2873,1.1433,1.23,11762476.06,1626307199999,14293779.232496,49599,6186599.7,7526912.065562,0,
1626307200000,1.2327,1.3765,1.178,1.2524,11475730.39,1626393599999,14659314.311282,52924,6147723.58,7878690.644959,0,
1626393600000,1.2551,1.3313,1.0737,1.0949,7242920.39,1626479999999,8550122.463797,35680,3616927.8,4277696.024715,0,
1626480000000,1.0921,1.0976,0.9952,1.0191,5338418.22,1626566399999,5493213.328551,28589,2592743.7,2666497.517217,0,
1626566400000,1.0165,1.112,0.9801,1.0198,4584047.96,1626652799999,4792965.291529,22940,2357354.99,2468844.367539,0,
1626652800000,1.0185,1.0204,0.8616,0.9034,4860721.4,1626739199999,4452824.403985,18458,2417521.11,2210630.329031,0,
1626739200000,0.9054,0.9055,0.77,0.8123,5180960.49,1626825599999,4214870.229675,22080,2618518.72,2117349.849005,0,
1626825600000,0.8118,0.9796,0.7897,0.9489,5735458.45,1626911999999,5076507.276931,21412,3063656.74,2714297.857486,0,
1626912000000,0.9505,1.1086,0.9465,1.0402,8423478.6,1626998399999,8789337.196942,43913,4254414.54,4439230.966555,0,
1626998400000,1.0407,1.1896,1.0233,1.1675,8764575.54,1627084799999,9614004.338425,38666,4760479.13,5218360.082116,0,
1627084800000,1.168,1.2938,1.1646,1.212,6287259.83,1627171199999,7728651.488949,31030,3377772.42,4158876.815915,0,
1627171200000,1.212,1.23,1.1153,1.1914,4797893.97,1627257599999,5608878.431526,23339,2521935.7,2950845.441703,0,
1627257600000,1.189,1.2128,1.1168,1.1473,7117290.57,1627343999999,8216008.923147,30744,3440474.84,3972177.004474,0,
1627344000000,1.1445,1.1788,1.051,1.1634,3957801.27,1627430399999,4424741.602213,22346,1924383.92,2153699.583782,0,
1627430400000,1.1634,1.1713,1.097,1.1222,3271946.95,1627516799999,3682710.104467,13671,1684720.18,1898983.988916,0,
1627516800000,1.1241,1.1492,1.0976,1.1445,1758424.1,1627603199999,1966110.335524,8583,941723.17,1054359.165853,0,
1627603200000,1.1465,1.3128,1.0792,1.2396,9051961.26,1627689599999,10999288.510284,45167,4894830.13,5958416.282332,0,
1627689600000,1.2387,1.3482,1.2043,1.2661,7299524.82,1627775999999,9361151.165321,36522,3721327.93,4777982.793027,0,
1627776000000,1.2661,1.268,1.1985,1.2015,3831017.75,1627862399999,4727433.096236,19062,1799950.65,2225082.743861,0,
1627862400000,1.2027,1.3536,1.1991,1.2543,7682893.52,1627948799999,9849074.929476,35874,3849269.7,4928596.00269,0,
1627948800000,1.254,1.55,1.2535,1.3422,16279746.05,1628035199999,23260832.919714,80706,9052143.75,12942910.782449,0,
1628035200000,1.3422,1.3756,1.268,1.364,7046089.58,1628121599999,9290025.698674,36143,3532380.99,4668654.539839,0,
1628121600000,1.3664,1.3699,1.27,1.3364,4370786.64,1628207999999,5754508.558553,23557,2067314.52,2723802.186651,0,
1628208000000,1.3388,1.418,1.3053,1.3513,4097142.89,1628294399999,5558892.079621,22798,2169814.64,2943929.693699,0,
1628294400000,1.3522,1.4348,1.324,1.3848,7989761.35,1628380799999,11189934.387482,27065,4045601.17,5671390.838283,0,
1628380800000,1.3843,1.4036,1.2832,1.2963,2725641.7,1628467199999,3665922.506512,14503,1395923.45,1881599.888781,0,
1628467200000,1.2997,1.3578,1.2757,1.344,1748214.06,1628553599999,2316096.10328,11018,902477.65,1196423.956795,0,
1628553600000,1.3436,1.4252,1.3202,1.417,2957104.54,1628639999999,4086125.248981,18161,1633630.18,2259452.755563,0,
1628640000000,1.4165,1.4805,1.4036,1.4297,3474290.31,1628726399999,5023876.575342,24472,1831381.87,2649926.088293,0,
1628726400000,1.4311,1.47,1.3111,1.3468,3280526.55,1628812799999,4528980.108465,22692,1512920.78,2091345.51868,0,
1628812800000,1.3467,1.4183,1.3266,1.4162,2151680.67,1628899199999,2986772.977096,13483,1190109.08,1652701.800034,0,
1628899200000,1.4162,1.4495,1.3569,1.4266,3532054.38,1628985599999,4979422.236048,23301,1685577.66,2377820.200864,0,
1628985600000,1.4274,1.4327,1.3474,1.4223,2405970.86,1629071999999,3340155.304048,14988,1150158.76,1598257.08005,0,
1629072000000,1.4225,1.5599,1.4066,1.4976,6670324.14,1629158399999,9990420.102756,37165,3585869.21,5372164.189955,0,
1629158400000,1.4976,1.555,1.364,1.3739,4521929.76,1629244799999,6624397.782963,27155,2198620.24,3244066.388014,0,
1629244800000,1.3737,1.4139,1.3127,1.3538,3058604.51,1629331199999,4191398.904817,17545,1704902.92,2338116.79371,0,
1629331200000,1.3539,1.3911,1.2909,1.3894,2342128.78,1629417599999,3130873.985134,15714,1105855.38,1483170.1737,0,
1629417600000,1.3894,1.4668,1.376,1.4405,4549459.7,1629503999999,6525794.303165,27255,2529151.09,3634106.205453,0,
1629504000000,1.4392,1.524,1.4294,1.451,3217137.2,1629590399999,4742553.905554,20557,1616420.05,2380128.558614,0,
1629590400000,1.4516,1.4892,1.3977,1.452,2210162.12,1629676799999,3202012.235462,12311,1076320.06,1558940.82916,0,
1629676800000,1.4524,1.5114,1.4291,1.5023,2743071.09,1629763199999,4049717.392478,15320,1453380.17,2145206.727708,0,
1629763200000,1.5034,1.59,1.394,1.4175,5252487.89,1629849599999,7841611.803097,26289,2740211.79,4088878.908404,0,
1629849600000,1.4114,1.5366,1.3591,1.4831,9401843.48,1629935999999,13786465.960511,39220,4547075.88,6666348.809877,0,
1629936000000,1.4851,1.4897,1.35,1.361,3680074.94,1630022399999,5136499.377232,17060,1949229.91,2720452.249019,0,
1630022400000,1.362,1.4295,1.316,1.4295,3608748.36,1630108799999,4949256.640717,19044,1972909.29,2708529.340826,0,
1630108800000,1.4295,1.433,1.389,1.414,1748303.0,1630195199999,2461113.18715,8726,934345.3,1315386.89035,0,
1630195200000,1.415,1.49,1.366,1.48,4185817.15,1630281599999,5999982.715651,18382,2364641.06,3392463.360501,0,
1630281600000,1.482,1.5092,1.401,1.409,3205985.75,1630367999999,4628446.712288,15512,1487494.55,2151409.423588,0,
1630368000000,1.409,1.486,1.382,1.43,3658828.2,1630454399999,5286995.3821,15647,1929384.5,2791716.8747,0,
1630454400000,1.432,1.599,1.4,1.505,7038758.05,1630540799999,10507136.205231,24374,3342836.93,4985138.460001,0,
1630540800000,1.503,1.775,1.478,1.553,23442517.99,1630627199999,37451472.967996,83351,12628334.23,20203889.708186,0,
1630627200000,1.553,1.66,1.519,1.635,7036163.5,1630713599999,11277410.7774,28696,3529867.1,5657651.8198,0,
1630713600000,1.635,1.72,1.595,1.667,4931839.2,1630799999999,8164053.7345,27728,2584779.9,4280892.0706,0,
1630800000000,1.669,1.712,1.614,1.675,3452906.9,1630886399999,5753333.5181,21606,1683550.0,2803518.8692,0,
1630886400000,1.675,1.717,1.61,1.668,3066340.9,1630972799999,5078168.451,15480,1709881.5,2834275.7522,0,
1630972800000,1.671,1.671,1.14,1.328,4941089.46,1631059199999,7085837.75571,24998,2358521.62,3407047.764301,0,
1631059200000,1.329,1.397,1.17,1.358,5126515.1,1631145599999,6665021.533,24509,2819465.0,3667063.7181,0,
1631145600000,1.358,1.469,1.271,1.407,6061117.2,1631231999999,8146244.6275,27287,3254384.0,4382804.4909,0,
1631232000000,1.407,1.526,1.317,1.349,5588139.4,1631318399999,7942162.3422,30264,3024393.3,4319027.9613,0,
1631318400000,1.348,1.428,1.33,1.416,3364281.8,1631404799999,4671106.0542,17831,1876989.2,2613151.3481,0,
1631404800000,1.414,1.454,1.363,1.432,2884395.4,1631491199999,4085192.78,17454,1615421.1,2288484.6003,0,
1631491200000,1.432,1.569,1.353,1.531,9438980.7,1631577599999,13810769.0493,42902,4936660.6,7229742.5547,0,
1631577600000,1.532,1.569,1.45,1.569,5476427.0,1631663999999,8270195.134,24356,3103233.7,4695055.2649,0,
1631664000000,1.567,1.582,1.512,1.57,1815865.1,1631750399999,2799374.9794,11961,997988.1,1539713.5484,0,
1631750400000,1.569,1.57,1.474,1.509,3144352.6,1631836799999,4769940.3497,15274,1551075.4,2351780.717,0,
1631836800000,1.509,1.51,1.415,1.451,2480603.4,1631923199999,3611129.3173,12076,1207168.5,1753502.4604,0,
1631923200000,1.45,1.484,1.426,1.463,1306107.5,1632009599999,1911343.9901,9478,638539.1,935258.4388,0,
1632009600000,1.463,1.463,1.382,1.404,1649413.5,1632095999999,2349613.9115,9803,758285.6,1080862.1183,0,
1632096000000,1.403,1.406,1.146,1.196,4948324.4,1632182399999,6236874.4676,25455,2512791.9,3165356.3212,0,
1632182400000,1.197,1.357,1.104,1.21,9634742.95,1632268799999,12189861.5288,39388,5168050.8,6549921.9134,0,
1632268800000,1.207,1.384,1.157,1.368,4830493.5,1632355199999,6122827.144,20760,2883693.6,3651372.0186,0,
1632355200000,1.366,1.44,1.301,1.399,5034624.6,1632441599999,6904120.3889,32068,2560970.2,3517307.2795,0,
1632441600000,1.399,1.418,1.185,1.272,4677869.3,1632527999999,5977271.7722,22768,2689939.7,3427825.4183,0,
1632528000000,1.273,1.299,1.206,1.246,1899175.6,1632614399999,2383534.9266,12461,913889.9,1148364.6771,0,
1632614400000,1.247,1.295,1.16,1.237,2693766.7,1632700799999,3340113.0555,14344,1361947.4,1693725.2286,0,
1632700800000,1.236,1.302,1.194,1.194,1995119.1,1632787199999,2494619.6407,12416,1030889.7,1290734.6957,0,
1632787200000,1.196,1.22,1.124,1.133,5022726.6,1632873599999,5793526.5495,19217,2681409.8,3093657.0944,0,
1632873600000,1.132,1.188,1.106,1.139,4371256.8,1632959999999,5015786.9644,19008,2466383.8,2831215.6065,0,
1632960000000,1.14,1.213,1.133,1.2,2401612.2,1633046399999,2822226.5175,12910,1375663.8,1618911.556,0,
1633046400000,1.2,1.321,1.174,1.319,3045470.2,1633132799999,3840569.2328,15486,1567927.2,1977325.1897,0,
1633132800000,1.322,1.377,1.307,1.322,2330159.4,1633219199999,3123812.6204,13907,1123075.1,1506844.0854,0,
1633219200000,1.322,1.366,1.295,1.329,1971614.8,1633305599999,2630097.6073,13005,889878.2,1188423.3276,0,
1633305600000,1.331,1.434,1.277,1.415,5046102.3,1633391999999,6937179.2624,31714,2664918.5,3666346.0787,0,
1633392000000,1.415,1.424,1.338,1.405,3447568.5,1633478399999,4786196.635,23752,1629810.1,2264886.5134,0,
1633478400000,1.405,1.448,1.335,1.374,5391691.4,1633564799999,7537624.3346,30194,2748433.4,3847262.6389,0,
1633564800000,1.374,1.445,1.348,1.387,3648506.2,1633651199999,5084818.3546,22587,1733510.5,2417965.0529,0,
1633651200000,1.389,1.489,1.38,1.43,3968961.9,1633737599999,5657864.7181,19670,1881889.3,2682321.2178,0,
1633737600000,1.431,2.165,1.412,1.87,37210632.38,1633823999999,66720618.712147,174046,19450697.53,34761759.772447,0,
1633824000000,1.868,2.618,1.723,2.029,78650464.46,1633910399999,169769910.171543,421838,39860453.47,86158115.564403,0,
1633910400000,2.029,2.25,1.86,1.917,19699953.7,1633996799999,40472684.0931,118542,9731846.9,20011881.1193,0,
1633996800000,1.913,2.2,1.833,2.052,14607754.2,1634083199999,29364180.2608,107654,7644235.1,15341458.7475,0,
1634083200000,2.047,2.44,2.033,2.223,19729119.4,1634169599999,44471363.4033,117668,10226061.9,23052867.963,0,
1634169600000,2.223,2.319,2.1,2.214,8516662.1,1634255999999,18639193.7796,48664,4448901.8,9732505.5795,0,
1634256000000,2.214,2.246,1.979,1.986,7259329.6,1634342399999,14882573.17,49870,3184636.1,6533672.7055,0,
1634342400000,1.988,2.054,1.921,1.963,4967680.6,1634428799999,9804713.7066,32680,2472053.1,4884112.8694,0,
1634428800000,1.962,2.24,1.941,2.197,13969281.1,1634515199999,29522031.0529,87288,7016391.7,14832057.0818,0,
1634515200000,2.197,2.815,2.195,2.567,48006862.71,1634601599999,121812026.21765,292096,23550308.32,59781484.54048,0,
1634601600000,2.57,2.65,2.29,2.332,10931758.2,1634687999999,26252100.4545,67837,5118384.7,12292700.3213,0,
1634688000000,2.335,2.43,2.203,2.41,10631828.7,1634774399999,24646238.3336,62908,5511330.7,12789254.8761,0,
1634774400000,2.404,2.459,2.225,2.289,7341200.7,1634860799999,17102304.0127,45143,3505554.6,8172780.3814,0,
1634860800000,2.294,2.32,2.16,2.192,4446129.4,1634947199999,9927817.5522,24671,2128727.6,4753667.9017,0,
1634947200000,2.194,2.245,2.12,2.217,3739686.6,1635033599999,8115310.345,19834,1963171.2,4263448.4466,0,
1635033600000,2.216,2.388,2.129,2.203,7997190.2,1635119999999,18000443.9073,51072,3888101.5,8766107.6005,0,
1635120000000,2.203,2.235,2.153,2.219,4243998.0,1635206399999,9317679.8876,19716,1928853.2,4236606.387,0,
1635206400000,2.219,2.226,2.136,2.152,4198335.8,1635292799999,9167295.1495,21026,2178785.4,4758654.1836,0,
1635292800000,2.155,2.174,1.839,1.86,10656186.2,1635379199999,20969193.6637,54395,4680318.9,9192799.0064,0,
1635379200000,1.863,1.944,1.81,1.937,7714137.8,1635465599999,14458631.4667,32821,4016530.3,7534399.2338,0,
1635465600000,1.937,1.998,1.888,1.986,4288300.2,1635551999999,8349250.6532,22082,2150911.9,4191548.4045,0,
1635552000000,1.984,1.986,1.868,1.913,3047134.0,1635638399999,5851170.0833,17336,1372439.6,2635460.7279,0,
1635638400000,1.913,1.913,1.771,1.843,6343713.0,1635724799999,11526981.5826,26609,3317385.6,6023889.1268,0,
1635724800000,1.843,2.095,1.788,1.948,18711683.9,1635811199999,36408717.2088,79725,9312355.8,18093294.2154,0,
1635811200000,1.948,2.002,1.904,1.976,7589522.7,1635897599999,14850106.3522,32872,3575028.0,6999927.3699,0,
1635897600000,1.974,2.11,1.864,1.955,9160414.3,1635983999999,18199602.5105,47483,4391865.4,8739538.3503,0,
1635984000000,1.959,1.961,1.877,1.936,3937528.5,1636070399999,7519353.4371,22096,1902809.8,3635559.2004,0,
1636070400000,1.936,2.023,1.89,1.993,5768001.3,1636156799999,11335391.8027,27391,2751957.4,5414448.8638,0,
1636156800000,1.993,2.022,1.899,1.997,4543611.6,1636243199999,8938844.2651,24779,2115878.4,4164611.095,0,
1636243200000,1.997,2.21,1.971,2.206,10290277.3,1636329599999,21652940.8888,57106,5256441.2,11071197.9535,0,
1636329600000,2.207,2.445,2.148,2.305,18165059.0,1636415999999,41196916.4503,85956,8888147.3,20179461.2752,0,
1636416000000,2.309,2.377,2.187,2.215,6556389.2,1636502399999,14715870.3475,38189,2938694.1,6607611.7706,0,
1636502400000,2.217,2.326,2.015,2.098,8172838.0,1636588799999,18066275.144,37153,3674683.5,8114278.9003,0,
1636588800000,2.096,2.275,2.096,2.212,8495305.4,1636675199999,18808358.7794,34763,3896088.0,8613288.5921,0,
1636675200000,2.211,2.443,2.169,2.251,11351556.6,1636761599999,26122694.6228,64995,5208532.0,11983955.7076,0,
1636761600000,2.251,2.439,2.251,2.305,6487669.8,1636847999999,15268908.5362,33583,3130868.3,7380085.9379,0,
1636848000000,2.305,2.337,2.196,2.335,5826498.7,1636934399999,13215520.2799,23088,3204088.3,7281289.7011,0,
1636934400000,2.332,2.49,2.27,2.421,6822895.7,1637020799999,16164822.6706,31850,3376342.5,8012666.9334,0,
1637020800000,2.42,2.428,2.035,2.16,6857316.3,1637107199999,15138800.2779,30405,3382739.3,7481190.806,0,
1637107200000,2.161,2.193,2.016,2.144,4365913.3,1637193599999,9229419.3097,21988,2133549.1,4513222.0467,0,
1637193600000,2.14,2.153,1.851,1.925,5188683.2,1637279999999,10360076.1558,25177,2519298.9,5023003.1985,0,
1637280000000,1.924,2.08,1.88,2.047,3320224.8,1637366399999,6599028.7017,18340,1806254.2,3588168.868,0,
1637366400000,2.048,2.129,1.993,2.117,2396427.9,1637452799999,4962708.6612,15174,1282900.4,2658715.0374,0,
1637452800000,2.117,2.221,2.01,2.159,4001082.6,1637539199999,8466667.7671,23547,1991336.1,4212879.9715,0,
1637539200000,2.156,2.26,2.106,2.115,4375240.9,1637625599999,9609952.1903,30193,2180867.9,4798316.6663,0,
1637625600000,2.114,2.127,1.993,2.06,4182333.4,1637711999999,8553452.636,24390,1986687.2,4065166.2337,0,
1637712000000,2.064,2.084,1.906,1.969,3531105.7,1637798399999,6929953.3113,19647,1691336.7,3316741.272,0,
1637798400000,1.97,2.102,1.93,2.058,4728636.8,1637884799999,9557054.7868,23124,2388214.6,4837606.7487,0,
1637884800000,2.058,2.062,1.777,1.835,5429054.8,1637971199999,10325112.6504,28312,2669524.9,5080293.2769,0,
1637971200000,1.833,1.927,1.82,1.876,2973065.2,1638057599999,5613129.5277,18226,1567264.5,2960732.2596,0,
1638057600000,1.874,1.932,1.781,1.927,3271423.3,1638143999999,6030341.2284,15190,1657178.1,3058077.7608,0,
1638144000000,1.927,2.196,1.909,2.157,8875176.2,1638230399999,18646985.5549,54784,4878054.5,10249473.0969,0,
1638230400000,2.16,2.83,2.128,2.773,27633189.6,1638316799999,70694493.07208,176771,14275841.31,36492303.99631,0,
1638316800000,2.772,3.256,2.72,2.872,34154215.8,1638403199999,101715053.721352,208606,18098237.37,53796786.085532,0,
1638403200000,2.874,3.033,2.538,2.543,8280979.9,1638489599999,22401787.1857,58959,4038141.0,10917045.7058,0,
1638489600000,2.547,2.696,2.349,2.543,7556048.5,1638575999999,18986113.2425,61825,3503723.7,8830861.8135,0,
1638576000000,2.544,2.581,1.758,2.228,8955697.9,1638662399999,19392681.4619,65200,4278362.6,9296508.3858,0,
1638662400000,2.23,2.302,1.921,2.075,4462527.6,1638748799999,9388813.3358,39176,2052459.3,4326461.5832,0,
1638748800000,2.072,2.43,1.994,2.27,10886832.3,1638835199999,23519801.5782,77161,5524743.9,11977601.3251,0,
1638835200000,2.267,2.432,2.244,2.287,6586272.9,1638921599999,15484697.9017,45705,3604940.1,8482032.4098,0,
1638921600000,2.287,2.348,2.1,2.311,4057405.4,1639007999999,9164870.188,28113,1862710.3,4212977.4285,0,
1639008000000,2.312,2.371,2.08,2.115,4456433.8,1639094399999,9950982.049,32684,2156639.6,4829513.5788,0,
1639094400000,2.114,2.204,1.946,1.965,4625372.4,1639180799999,9604334.2462,38106,1903198.8,3966230.6209,0,
1639180800000,1.963,2.143,1.948,2.137,2262453.1,1639267199999,4635251.587,21627,1147717.9,2350979.3733,0,
1639267200000,2.139,2.145,2.003,2.127,2684380.6,1639353599999,5553127.3632,19772,1130025.9,2340282.9751,0,
1639353600000,2.127,2.131,1.851,1.857,3183311.0,1639439999999,6280865.8709,24444,1648162.8,3258240.544,0,
1639440000000,1.86,1.971,1.775,1.957,3624525.8,1639526399999,6798870.7887,33292,1786610.7,3358141.1941,0,
1639526400000,1.956,2.25,1.809,2.212,5248628.1,1639612799999,10740218.8635,41371,2811077.5,5768162.51,0,
1639612800000,2.213,2.295,2.111,2.134,4925359.1,1639699199999,10974542.0469,33756,2716797.8,6059120.1516,0,
1639699200000,2.134,2.164,1.967,2.05,3900355.4,1639785599999,8099790.8493,34339,1900656.5,3953042.5837,0,
1639785600000,2.05,2.112,1.983,2.09,2567923.9,1639871999999,5269971.4981,20229,1360775.8,2791466.9055,0,
1639872000000,2.089,2.162,2.055,2.067,2392518.3,1639958399999,5038149.3168,21448,1141905.0,2409600.31,0,
1639958400000,2.065,2.084,1.938,2.017,2422360.2,1640044799999,4840523.851,19770,1153091.1,2302363.2199,0,
1640044800000,2.017,2.14,1.973,2.128,2067201.9,1640131199999,4306296.6941,18932,1184138.2,2468547.8204,0,
1640131200000,2.128,2.25,2.111,2.188,3412882.0,1640217599999,7407234.3909,21503,1833509.2,3982103.8444,0,
1640217600000,2.186,2.373,2.145,2.343,3778730.7,1640303999999,8571069.8184,29950,1907524.8,4326715.6741,0,
1640304000000,2.344,2.407,2.219,2.248,2858566.4,1640390399999,6628017.8307,26129,1476782.0,3429886.2574,0,
1640390400000,2.25,2.4,2.214,2.304,2003666.7,1640476799999,4572648.4933,13735,1080154.1,2472373.758,0,
1640476800000,2.302,2.362,2.229,2.351,1521614.8,1640563199999,3477167.6365,12813,714214.8,1632335.6182,0,
1640563200000,2.351,2.64,2.347,2.613,5445454.5,1640649599999,13720746.6561,46500,2664660.6,6719294.7066,0,
1640649600000,2.613,2.7,2.247,2.276,4626284.5,1640735999999,11244978.8068,41259,2303321.6,5616465.9856,0,
1640736000000,2.274,2.309,2.097,2.134,3426139.2,1640822399999,7502965.3047,27281,1760517.5,3854292.4858,0,
1640822400000,2.132,2.258,2.076,2.2,1704384.9,1640908799999,3742746.6848,18608,928168.2,2036822.6746,0,
1640908800000,2.2,2.284,2.106,2.166,1574641.5,1640995199999,3465464.2276,15846,777716.7,1710888.3277,0,
1640995200000,2.167,2.296,2.164,2.285,1474553.4,1641081599999,3305120.325,12223,712048.7,1596580.8252,0,
1641081600000,2.281,2.413,2.279,2.398,2785907.1,1641167999999,6545905.341,21400,1356223.0,3190996.2519,0,
1641168000000,2.398,2.399,2.217,2.29,2289217.3,1641254399999,5260764.3936,16383,985638.8,2265075.2093,0,
1641254400000,2.294,2.405,2.254,2.342,2798664.4,1641340799999,6525090.5875,24284,1422330.9,3319024.4508,0,
1641340800000,2.341,2.471,2.093,2.238,6081187.9,1641427199999,14289320.2957,43002,2980429.5,7021151.7545,0,
1641427200000,2.242,2.259,2.064,2.19,4341639.5,1641513599999,9332977.3164,28254,2157937.6,4638765.3387,0,
1641513600000,2.187,2.192,1.995,2.095,4711801.8,1641599999999,9812021.7801,33787,2262483.2,4717763.6638,0,
1641600000000,2.096,2.144,1.954,2.048,3311858.1,1641686399999,6747285.2497,20275,1693880.1,3455489.108,0,
1641686400000,2.048,2.098,2.0,2.064,1997205.3,1641772799999,4092010.2606,14437,1027239.7,2105551.1335,0,
1641772800000,2.062,2.078,1.843,1.982,4516385.3,1641859199999,8797387.1152,27532,2179324.0,4241806.6049,0,
1641859200000,1.982,2.103,1.88,2.096,2761823.7,1641945599999,5436501.3976,19643,1402106.5,2758410.0742,0,
1641945600000,2.098,2.182,2.049,2.165,2726785.8,1642031999999,5782652.0388,16191,1370835.1,2916340.6155,0,
1642032000000,2.166,2.192,2.041,2.046,2032344.9,1642118399999,4306095.4824,13442,1081516.9,2297378.1078,0,
1642118400000,2.048,2.129,1.988,2.088,2013785.2,1642204799999,4164460.4244,13404,955786.0,1978353.8749,0,
1642204800000,2.088,2.173,2.081,2.137,1805029.5,1642291199999,3856801.9885,11380,923811.5,1977474.8186,0,
1642291200000,2.136,2.156,2.102,2.131,1247223.5,1642377599999,2655899.614,7569,684493.7,1458549.911,0,
1642377600000,2.133,2.166,2.017,2.074,3501092.5,1642463999999,7294236.8907,16046,1722357.1,3589084.6055,0,
1642464000000,2.073,2.9,1.944,2.33,28574990.1,1642550399999,66340307.6161,172301,14420671.1,33620033.9218,0,
1642550400000,2.329,2.48,2.041,2.059,18456613.0,1642636799999,41315528.2186,97620,8967457.4,20087127.3162,0,
1642636800000,2.058,2.205,1.91,1.92,9693063.0,1642723199999,19921198.2338,48745,4403689.9,9059415.3612,0,
1642723200000,1.919,1.951,1.628,1.667,9294366.6,1642809599999,16608723.22,49466,4269321.0,7614797.6867,0,
1642809600000,1.666,1.698,1.254,1.409,9625340.7,1642895999999,13822798.6104,47118,5001650.0,7190311.557,0,
1642896000000,1.409,1.486,1.355,1.466,4750256.3,1642982399999,6754838.2422,25090,2426403.2,3450843.5192,0,
1642982400000,1.463,1.466,1.178,1.357,9586475.0,1643068799999,12172727.8471,43371,4720297.0,6000037.9525,0,
1643068800000,1.358,1.388,1.249,1.356,5026694.2,1643155199999,6651186.4908,19568,2535440.8,3359172.4604,0,
1643155200000,1.357,1.532,1.322,1.376,5957581.3,1643241599999,8505427.2516,28195,2978428.5,4256741.7654,0,
1643241600000,1.376,1.455,1.313,1.394,2990386.2,1643327999999,4122708.2945,12950,1472103.2,2026831.5735,0,
1643328000000,1.393,1.488,1.372,1.461,2782259.6,1643414399999,3968461.967,11429,1297729.3,1851016.947,0,
1643414400000,1.458,1.569,1.454,1.514,3013117.3,1643500799999,4565477.7566,11496,1500461.0,2274257.0325,0,
1643500800000,1.515,1.563,1.453,1.492,1829556.1,1643587199999,2747850.3959,8196,840946.2,1264635.9288,0,
1643587200000,1.492,1.519,1.414,1.494,2307529.4,1643673599999,3389105.5705,10417,1060827.5,1556215.3732,0,
1643673600000,1.494,1.535,1.459,1.489,1791297.0,1643759999999,2677468.4023,8350,846868.9,1267180.259,0,
1643760000000,1.491,1.525,1.4,1.402,2057550.0,1643846399999,3017759.7501,12064,889871.4,1307112.1449,0,
1643846400000,1.403,1.427,1.347,1.425,2930392.8,1643932799999,4073674.3604,17499,1494888.6,2081178.3596,0,
1643932800000,1.424,1.548,1.404,1.538,2218006.6,1644019199999,3274097.4017,12753,1113225.6,1646357.7055,0,
1644019200000,1.538,1.635,1.52,1.577,2518633.1,1644105599999,3995628.3209,12365,1252790.2,1986974.7188,0,
1644105600000,1.578,1.699,1.578,1.676,2246564.0,1644191999999,3690902.252,11967,1276860.9,2096916.8193,0,
1644192000000,1.674,1.764,1.641,1.715,3571697.6,1644278399999,6113322.1435,18398,1900166.6,3259881.3239,0,
1644278400000,1.715,1.784,1.59,1.687,4058149.1,1644364799999,6715587.9753,19817,2034984.9,3364770.8407,0,
1644364800000,1.689,1.746,1.617,1.721,3429325.6,1644451199999,5755218.0084,13992,1723505.3,2897230.1937,0,
1644451200000,1.724,1.78,1.611,1.619,3338204.9,1644537599999,5666465.353,16357,1631775.9,2767273.5212,0,
1644537600000,1.619,1.637,1.484,1.509,2609318.2,1644623999999,4143175.4862,13025,1299002.8,2063294.6684,0,
1644624000000,1.511,1.515,1.424,1.515,1963426.7,1644710399999,2882480.489,8630,1072730.6,1574825.7556,0,
1644710400000,1.514,1.538,1.439,1.445,1653428.9,1644796799999,2472922.3888,8511,898561.9,1343151.024,0,
1644796800000,1.448,1.475,1.395,1.465,2117356.0,1644883199999,3013893.6151,11241,1178089.2,1675849.8362,0,
1644883200000,1.468,1.636,1.458,1.587,3149125.8,1644969599999,4911741.2832,13111,1881806.3,2940436.7412,0,
1644969600000,1.587,1.588,1.497,1.548,1300605.4,1645055999999,2001976.473,6057,633758.2,975104.0311,0,
1645056000000,1.548,1.556,1.383,1.391,2632463.0,1645142399999,3859357.8028,13193,1277536.9,1870362.1362,0,
1645142400000,1.391,1.423,1.314,1.336,1901972.1,1645228799999,2601285.7477,13431,922858.7,1263766.6735,0,
1645228800000,1.338,1.348,1.269,1.315,1237805.5,1645315199999,1620361.2448,7586,579475.9,757919.3973,0,
1645315200000,1.315,1.318,1.207,1.23,1693790.5,1645401599999,2108537.7919,9502,861406.0,1072170.4237,0,
1645401600000,1.229,1.281,1.106,1.11,3098255.1,1645487999999,3738995.007,18069,1406596.0,1702001.9474,0,
1645488000000,1.113,1.162,1.046,1.162,3318312.8,1645574399999,3623529.1722,17084,1657492.1,1809926.5919,0,
1645574400000,1.163,1.276,1.135,1.136,2485149.9,1645660799999,2964769.0287,14558,1212795.1,1449168.7971,0,
1645660800000,1.136,1.152,0.973,1.114,5230001.3,1645747199999,5473580.08658,26761,2503811.5,2627980.4595,0,
1645747200000,1.114,1.175,1.108,1.159,2508807.2,1645833599999,2855840.4389,15013,1198896.6,1366061.6193,0,
1645833600000,1.159,1.212,1.154,1.185,2165961.0,1645919999999,2551553.8717,11160,1079510.6,1272088.4015,0,
1645920000000,1.185,1.198,1.112,1.117,2224720.5,1646006399999,2575547.1414,11967,1160817.3,1344614.1289,0,
1646006400000,1.118,1.264,1.094,1.246,3078493.7,1646092799999,3627417.7364,17030,1576698.0,1856600.8426,0,
1646092800000,1.248,1.293,1.218,1.281,2652926.2,1646179199999,3312391.4298,16101,1325965.9,1657785.6438,0,
1646179200000,1.282,1.285,1.214,1.237,2732643.0,1646265599999,3408750.0689,16550,1295296.7,1615319.7484,0,
1646265600000,1.237,1.263,1.181,1.201,2040697.8,1646351999999,2484820.2272,11198,1149216.4,1398797.4486,0,
1646352000000,1.2,1.202,1.098,1.111,1981026.7,1646438399999,2272016.5345,13234,921399.2,1057737.4395,0,
1646438400000,1.111,1.142,1.089,1.132,1414577.7,1646524799999,1578824.7691,8386,598862.4,670030.3594,0,
1646524800000,1.132,1.138,1.065,1.076,1937183.2,1646611199999,2121309.0604,9923,899800.4,985540.6113,0,
1646611200000,1.076,1.096,1.034,1.047,2117950.0,1646697599999,2247292.6923,11257,1104442.3,1172595.3204,0,
1646697600000,1.048,1.076,1.041,1.059,1648157.2,1646783999999,1745052.4148,11720,857721.6,908547.709,0,
1646784000000,1.06,1.174,1.059,1.124,2510742.8,1646870399999,2813252.1162,13361,1361648.6,1528147.4032,0,
1646870400000,1.123,1.94,1.056,1.499,64648606.5,1646956799999,100033775.1598,382742,32744410.0,50973761.1163,0,
1646956800000,1.497,1.637,1.331,1.355,48880832.8,1647043199999,70921310.2092,261314,24492883.4,35612721.8702,0,
1647043200000,1.355,1.412,1.302,1.324,7335222.6,1647129599999,9902139.0835,34822,3615296.9,4883746.367,0,
1647129600000,1.324,1.328,1.266,1.275,1299241.8,1647215999999,1681213.9354,6737,608304.4,787070.3186,0,
1647216000000,1.22500000,1.32300000,1.20600000,1.27000000,7482008.60000000,1647302399999,9352279.99720000,30000,,4500489.72350000,0,3603400.90000000
1647302400000,1.27200000,1.27500000,1.20200000,1.22300000,4929819.60000000,1647388799999,6035754.05640000,20275,,2854201.24240000,0,2332137.80000000
1647388800000,1.22300000,1.27700000,1.20700000,1.27300000,5603524.90000000,1647475199999,6949460.18300000,26504,,3535395.13480000,0,2848590.50000000
1647475200000,1.27300000,1.27400000,1.23900000,1.27100000,2389581.10000000,1647561599999,2994836.78040000,11975,,1470761.29630000,0,1173205.10000000
1647561600000,1.27100000,1.36600000,1.22400000,1.29200000,5544015.00000000,1647647999999,7129550.23040000,26029,,3522400.89920000,0,2737766.90000000
1647648000000,1.29400000,1.33200000,1.28800000,1.31600000,3257401.90000000,1647734399999,4255788.57600000,14963,,2133908.26810000,0,1632078.40000000
1647734400000,1.31400000,1.31600000,1.25100000,1.25800000,2043986.40000000,1647820799999,2618511.38910000,10189,,1299221.72810000,0,1013333.00000000
1647820800000,1.26000000,1.32700000,1.25900000,1.29700000,3447681.60000000,1647907199999,4463096.40220000,18619,,2294709.14250000,0,1773037.90000000
1647907200000,1.29700000,1.32300000,1.27800000,1.30500000,2034453.20000000,1647993599999,2659559.26910000,11118,,1288338.50600000,0,985243.30000000
1647993600000,1.30700000,1.49000000,1.28400000,1.34000000,7847045.40000000,1648079999999,10650306.07050000,37512,,5112490.90590000,0,3757483.10000000
1648080000000,1.33900000,1.38600000,1.32800000,1.36900000,3389178.50000000,1648166399999,4604567.41600000,18650,,2135444.45210000,0,1571165.90000000
1648166400000,1.36900000,1.39900000,1.32500000,1.34300000,2479747.70000000,1648252799999,3375815.05920000,16457,,1526906.44380000,0,1120898.60000000
1648252800000,1.34400000,1.36900000,1.33300000,1.36000000,1236459.90000000,1648339199999,1667464.34640000,9669,,763367.00830000,0,566160.10000000
1648339200000,1.36000000,1.44900000,1.35200000,1.44500000,3866747.80000000,1648425599999,5420544.37670000,23020,,2683382.26980000,0,1913582.60000000
1648425600000,1.44400000,1.49000000,1.43600000,1.47000000,2510782.50000000,1648511999999,3666884.84300000,13482,,1954636.18820000,0,1337786.50000000
