unix,close
1503014420480.0,4285.0
1503100796928.0,4120.0
1503187173376.0,4124.0
1503273549824.0,4107.0
1503360057344.0,4060.0
1503532810240.0,4081.0
1503619186688.0,4130.0
1503705563136.0,4174.0
1503791939584.0,4229.0
1503878447104.0,4269.0
1503964823552.0,4315.0
1504051200000.0,4388.0
1504137576448.0,4444.0
1504223952896.0,4527.0
1504310460416.0,4624.0
1504396836864.0,4613.0
1504483213312.0,4598.0
1504569589760.0,4475.0
1504655966208.0,4422.0
1504742342656.0,4441.0
1504828850176.0,4489.0
1504915226624.0,4446.0
1505001603072.0,4404.0
1505087979520.0,4334.0
1505174355968.0,4291.0
1505260863488.0,4241.0
1505347239936.0,4142.0
1505433616384.0,3891.0
1505519992832.0,3794.0
1505606369280.0,3728.0
1505692745728.0,3685.0
1505779253248.0,3751.0
1505865629696.0,3805.0
1505952006144.0,3857.0
1506038382592.0,3810.0
1506124759040.0,3758.0
1506211135488.0,3750.0
1506297643008.0,3716.0
1506384019456.0,3749.0
1506470395904.0,3784.0
1506556772352.0,3890.0
1506643148800.0,3990.0
1506729656320.0,4069.0
1506816032768.0,4169.0
1506902409216.0,4249.0
1506988785664.0,4310.0
1507075162112.0,4324.0
1507161538560.0,4304.0
1507248046080.0,4302.0
1507334422528.0,4314.0
1507420798976.0,4337.0
1507507175424.0,4410.0
1507593551872.0,4517.0
1507680059392.0,4614.0
1507766435840.0,4699.0
1507852812288.0,4892.0
1507939188736.0,5119.0
1508025565184.0,5358.0
1508111941632.0,5516.0
1508198449152.0,5646.0
1508284825600.0,5686.0
1508371202048.0,5649.0
1508457578496.0,5651.0
1508543954944.0,5726.0
1508630462464.0,5805.0
1508716838912.0,5864.0
1508803215360.0,5904.0
1508889591808.0,5817.0
1508975968256.0,5778.0
1509062344704.0,5778.0
1509148852224.0,5759.0
1509235228672.0,5742.0
1509321605120.0,5840.0
1509407981568.0,5931.0
1509494358016.0,6081.0
1509580865536.0,6279.0
1509667241984.0,6511.0
1509753618432.0,6733.0
1509839994880.0,6946.0
1509926371328.0,7120.0
1510012747776.0,7131.0
1510099255296.0,7133.0
1510185631744.0,7175.0
1510272008192.0,7151.0
1510358384640.0,6988.0
1510444761088.0,6774.0
1510531137536.0,6488.0
1510617645056.0,6406.0
1510704021504.0,6384.0
1510790397952.0,6561.0
1510876774400.0,6899.0
1510963150848.0,7193.0
1511049658368.0,7455.0
1511136034816.0,7684.0
1511222411264.0,7890.0
1511308787712.0,7997.0
1511395164160.0,8077.0
1511481540608.0,8091.0
1511568048128.0,8119.0
1511654424576.0,8256.0
1511740801024.0,8482.0
1511827177472.0,8808.0
1511913553920.0,9160.0
1512000061440.0,9409.0
1512086437888.0,9625.0
1512172814336.0,9946.0
1512259190784.0,10253.0
1512345567232.0,10549.0
1512431943680.0,10885.0
1512518451200.0,11198.0
1512604827648.0,11827.0
1512691204096.0,13095.0
1512777580544.0,14046.0
1512863956992.0,14516.0
1512950464512.0,14859.0
1513036840960.0,15468.0
1513123217408.0,15780.0
1513209593856.0,15889.0
1513295970304.0,16046.0
1513382346752.0,16460.0
1513468854272.0,17179.0
1513555230720.0,17744.0
1513641607168.0,18204.0
1513727983616.0,18152.0
1513814360064.0,17802.0
1513900736512.0,17179.0
1513987244032.0,16053.0
1514073620480.0,15092.0
1514159996928.0,14432.0
1514246373376.0,14003.0
1514332749824.0,14206.0
1514419257344.0,14492.0
1514505633792.0,14508.0
1514592010240.0,14566.0
1514678386688.0,14088.0
1514764763136.0,13914.0
1514851139584.0,13673.0
1514937647104.0,13795.0
1515024023552.0,14070.0
1515110400000.0,14392.0
1515196776448.0,15085.0
1515283152896.0,15761.0
1515369660416.0,16068.0
1515456036864.0,15894.0
1515542413312.0,15555.0
1515628789760.0,15329.0
1515715166208.0,14696.0
1515801542656.0,14294.0
1515888050176.0,14120.0
1515974426624.0,13884.0
1516060803072.0,13747.0
1516147179520.0,13001.0
1516233555968.0,12381.0
1516320063488.0,11876.0
1516406439936.0,11602.0
1516492816384.0,11722.0
1516579192832.0,11651.0
1516665569280.0,11448.0
1516751945728.0,11310.0
1516838453248.0,11290.0
1516924829696.0,11226.0
1517011206144.0,11154.0
1517097582592.0,11196.0
1517183959040.0,11377.0
1517270335488.0,11391.0
1517356843008.0,11132.0
1517443219456.0,10889.0
1517529595904.0,10413.0
1517615972352.0,9916.0
1517702348800.0,9600.0
1517788856320.0,9111.0
1517875232768.0,8450.0
1517961609216.0,8101.0
1518047985664.0,7847.0
1518134362112.0,7731.0
1518220738560.0,7894.0
1518307246080.0,8078.0
1518393622528.0,8144.0
1518479998976.0,8374.0
1518566375424.0,8474.0
1518652751872.0,8737.0
1518739259392.0,9087.0
1518825635840.0,9436.0
1518912012288.0,9924.0
1518998388736.0,10175.0
1519084765184.0,10536.0
1519171141632.0,10794.0
1519257649152.0,10768.0
1519344025600.0,10555.0
1519430402048.0,10417.0
1519516778496.0,10187.0
1519603154944.0,9979.0
1519689662464.0,9982.0
1519776038912.0,10089.0
1519862415360.0,10171.0
1519948791808.0,10387.0
1520035168256.0,10609.0
1520121544704.0,10885.0
1520208052224.0,11106.0
1520294428672.0,11269.0
1520380805120.0,11188.0
1520467181568.0,10884.0
1520553558016.0,10428.0
1520639934464.0,10017.0
1520726441984.0,9573.0
1520812818432.0,9424.0
1520899194880.0,9263.0
1520985571328.0,9186.0
1521071947776.0,8927.0
1521158455296.0,8719.0
1521244831744.0,8554.0
1521331208192.0,8312.0
1521417584640.0,8205.0
1521503961088.0,8248.0
1521590337536.0,8402.0
1521676845056.0,8563.0
1521763221504.0,8660.0
1521849597952.0,8775.0
1521935974400.0,8749.0
1522022350848.0,8679.0
1522108858368.0,8527.0
1522195234816.0,8308.0
1522281611264.0,8165.0
1522367987712.0,7842.0
1522454364160.0,7522.0
1522540740608.0,7294.0
1522627248128.0,7103.0
1522713624576.0,7027.0
1522800001024.0,7074.0
1522886377472.0,7001.0
1522972753920.0,6952.0
1523059261440.0,6862.0
1523145637888.0,6849.0
1523232014336.0,6869.0
1523318390784.0,6839.0
1523404767232.0,6837.0
1523491143680.0,6873.0
1523577651200.0,7123.0
1523664027648.0,7349.0
1523750404096.0,7573.0
1523836780544.0,7837.0
1523923156992.0,7984.0
1524009664512.0,8022.0
1524096040960.0,8068.0
1524182417408.0,8124.0
1524268793856.0,8304.0
1524355170304.0,8486.0
1524441546752.0,8615.0
1524528054272.0,8756.0
1524614430720.0,8993.0
1524700807168.0,9016.0
1524787183616.0,9103.0
1524873560064.0,9077.0
1524959936512.0,9145.0
1525046444032.0,9219.0
1525132820480.0,9235.0
1525219196928.0,9207.0
1525305573376.0,9223.0
1525391949824.0,9345.0
1525478457344.0,9454.0
1525564833792.0,9580.0
1525651210240.0,9641.0
1525737586688.0,9605.0
1525823963136.0,9507.0
1525910339584.0,9437.0
1525996847104.0,9297.0
1526083223552.0,9033.0
1526169600000.0,8836.0
1526255976448.0,8737.0
1526342352896.0,8674.0
1526428860416.0,8597.0
1526515236864.0,8508.0
1526601613312.0,8380.0
1526687989760.0,8320.0
1526774366208.0,8270.0
1526860742656.0,8306.0
1526947250176.0,8324.0
1527033626624.0,8246.0
1527120003072.0,8062.0
1527206379520.0,7910.0
1527292755968.0,7753.0
1527379263488.0,7598.0
1527465639936.0,7489.0
1527552016384.0,7345.0
1527638392832.0,7342.0
1527724769280.0,7338.0
1527811145728.0,7373.0
1527897653248.0,7418.0
1527984029696.0,7486.0
1528070406144.0,7564.0
1528156782592.0,7561.0
1528243159040.0,7587.0
1528329535488.0,7610.0
1528416043008.0,7635.0
1528502419456.0,7632.0
1528588795904.0,7597.0
1528675172352.0,7395.0
1528761548800.0,7227.0
1528848056320.0,7003.0
1528934432768.0,6764.0
1529020809216.0,6661.0
1529107185664.0,6550.0
1529193562112.0,6494.0
1529279938560.0,6469.0
1529366446080.0,6519.0
1529452822528.0,6584.0
1529539198976.0,6645.0
1529625575424.0,6683.0
1529711951872.0,6546.0
1529798459392.0,6430.0
1529884835840.0,6324.0
1529971212288.0,6266.0
1530057588736.0,6192.0
1530143965184.0,6158.0
1530230341632.0,6069.0
1530316849152.0,6089.0
1530403225600.0,6154.0
1530489602048.0,6213.0
1530575978496.0,6324.0
1530662354944.0,6407.0
1530748862464.0,6489.0
1530835238912.0,6520.0
1530921615360.0,6554.0
1531007991808.0,6610.0
1531094368256.0,6645.0
1531180744704.0,6660.0
1531267252224.0,6581.0
1531353628672.0,6520.0
1531440005120.0,6437.0
1531526381568.0,6357.0
1531612758016.0,6307.0
1531699265536.0,6297.0
1531785641984.0,6387.0
1531872018432.0,6623.0
1531958394880.0,6857.0
1532044771328.0,7083.0
1532131147776.0,7231.0
1532217655296.0,7339.0
1532304031744.0,7387.0
1532390408192.0,7467.0
1532476784640.0,7700.0
1532563161088.0,7857.0
1532649537536.0,7927.0
1532736045056.0,8037.0
1532822421504.0,8122.0
1532908797952.0,8161.0
1532995174400.0,8169.0
1533081550848.0,8068.0
1533168058368.0,7941.0
1533254434816.0,7809.0
1533340811264.0,7672.0
1533427187712.0,7460.0
1533513564160.0,7305.0
1533599940608.0,7164.0
1533686448128.0,7011.0
1533772824576.0,6787.0
1533859201024.0,6671.0
1533945577472.0,6498.0
1534031953920.0,6390.0
1534118461440.0,6331.0
1534204837888.0,6285.0
1534291214336.0,6248.0
1534377590784.0,6245.0
1534463967232.0,6259.0
1534550343680.0,6338.0
1534636851200.0,6362.0
1534723227648.0,6404.0
1534809604096.0,6381.0
1534895980544.0,6408.0
1534982356992.0,6397.0
1535068864512.0,6424.0
1535155240960.0,6486.0
1535241617408.0,6562.0
1535327993856.0,6620.0
1535414370304.0,6708.0
1535500746752.0,6820.0
1535587254272.0,6902.0
1535673630720.0,6947.0
1535760007168.0,6984.0
1535846383616.0,7049.0
1535932760064.0,7120.0
1536019136512.0,7171.0
1536105644032.0,7234.0
1536192020480.0,7123.0
1536278396928.0,6965.0
1536364773376.0,6789.0
1536451149824.0,6587.0
1536537657344.0,6448.0
1536624033792.0,6369.0
1536710410240.0,6308.0
1536796786688.0,6299.0
1536883163136.0,6342.0
1536969539584.0,6386.0
1537056047104.0,6432.0
1537142423552.0,6465.0
1537228800000.0,6423.0
1537315176448.0,6399.0
1537401552896.0,6388.0
1537488060416.0,6404.0
1537574436864.0,6484.0
1537660813312.0,6558.0
1537747189760.0,6622.0
1537833566208.0,6637.0
1537919942656.0,6601.0
1538006450176.0,6565.0
1538092826624.0,6580.0
1538179203072.0,6585.0
1538265579520.0,6586.0
1538351955968.0,6601.0
1538438463488.0,6611.0
1538524839936.0,6594.0
1538611216384.0,6571.0
1538697592832.0,6569.0
1538783969280.0,6581.0
1538870345728.0,6584.0
1538956853248.0,6594.0
1539043229696.0,6617.0
1539129606144.0,6634.0
1539215982592.0,6637.0
1539302359040.0,6548.0
1539388735488.0,6471.0
1539475243008.0,6415.0
1539561619456.0,6374.0
1539647995904.0,6444.0
1539734372352.0,6525.0
1539820748800.0,6603.0
1539907256320.0,6639.0
1539993632768.0,6632.0
1540080009216.0,6628.0
1540166385664.0,6611.0
1540252762112.0,6594.0
1540339138560.0,6578.0
1540425646080.0,6570.0
1540512022528.0,6559.0
1540598398976.0,6552.0
1540684775424.0,6538.0
1540771151872.0,6522.0
1540857659392.0,6475.0
1540944035840.0,6429.0
1541030412288.0,6403.0
1541116788736.0,6393.0
1541203165184.0,6395.0
1541289541632.0,6392.0
1541376049152.0,6416.0
1541462425600.0,6436.0
1541548802048.0,6462.0
1541635178496.0,6496.0
1541721554944.0,6500.0
1541808062464.0,6486.0
1541894438912.0,6473.0
1541980815360.0,6463.0
1542067191808.0,6456.0
1542153568256.0,6452.0
1542239944704.0,6324.0
1542326452224.0,6162.0
1542412828672.0,5999.0
1542499205120.0,5861.0
1542585581568.0,5770.0
1542671958016.0,5506.0
1542758334464.0,5226.0
1542844841984.0,5022.0
1542931218432.0,4794.0
1543017594880.0,4639.0
1543103971328.0,4399.0
1543190347776.0,4264.0
1543276855296.0,4126.0
1543363231744.0,4031.0
1543449608192.0,4047.0
1543535984640.0,4095.0
1543622361088.0,4092.0
1543708737536.0,4130.0
1543795245056.0,4151.0
1543881621504.0,4092.0
1543967997952.0,4048.0
1544054374400.0,3962.0
1544140750848.0,3829.0
1544227258368.0,3693.0
1544313634816.0,3588.0
1544400011264.0,3540.0
1544486387712.0,3495.0
1544572764160.0,3450.0
1544659140608.0,3437.0
1544745648128.0,3402.0
1544832024576.0,3352.0
1544918401024.0,3306.0
1545004777472.0,3272.0
1545091153920.0,3315.0
1545177661440.0,3396.0
1545264037888.0,3479.0
1545350414336.0,3639.0
1545436790784.0,3732.0
1545523167232.0,3827.0
1545609543680.0,3879.0
1545696051200.0,3929.0
1545782427648.0,3895.0
1545868804096.0,3864.0
1545955180544.0,3781.0
1546041556992.0,3776.0
1546128064512.0,3742.0
1546214440960.0,3745.0
1546300817408.0,3734.0
1546387193856.0,3752.0
1546473570304.0,3782.0
1546559946752.0,3783.0
1546646454272.0,3788.0
1546732830720.0,3786.0
1546819207168.0,3833.0
1546905583616.0,3875.0
1546991960064.0,3906.0
1547078336512.0,3933.0
1547164844032.0,3860.0
1547251220480.0,3787.0
1547337596928.0,3718.0
1547423973376.0,3633.0
1547510349824.0,3605.0
1547596857344.0,3577.0
1547683233792.0,3571.0
1547769610240.0,3583.0
1547855986688.0,3589.0
1547942363136.0,3611.0
1548028739584.0,3597.0
1548115247104.0,3579.0
1548201623552.0,3574.0
1548288000000.0,3565.0
1548374376448.0,3563.0
1548460752896.0,3561.0
1548547260416.0,3562.0
1548633636864.0,3561.0
1548720013312.0,3531.0
1548806389760.0,3495.0
1548892766208.0,3477.0
1548979142656.0,3458.0
1549065650176.0,3452.0
1549152026624.0,3460.0
1549238403072.0,3461.0
1549324779520.0,3465.0
1549411155968.0,3468.0
1549497663488.0,3453.0
1549584039936.0,3438.0
1549670416384.0,3485.0
1549756792832.0,3533.0
1549843169280.0,3582.0
1549929545728.0,3611.0
1550016053248.0,3632.0
1550102429696.0,3637.0
1550188806144.0,3624.0
1550275182592.0,3615.0
1550361559040.0,3612.0
1550447935488.0,3622.0
1550534443008.0,3689.0
1550620819456.0,3754.0
1550707195904.0,3826.0
1550793572352.0,3878.0
1550879948800.0,3922.0
1550966456320.0,3980.0
1551052832768.0,3932.0
1551139209216.0,3904.0
1551225585664.0,3873.0
1551311962112.0,3849.0
1551398338560.0,3831.0
1551484846080.0,3821.0
1551571222528.0,3818.0
1551657598976.0,3816.0
1551743975424.0,3792.0
1551830351872.0,3803.0
1551916859392.0,3817.0
1552003235840.0,3833.0
1552089612288.0,3847.0
1552175988736.0,3874.0
1552262365184.0,3894.0
1552348741632.0,3893.0
1552435249152.0,3892.0
1552521625600.0,3886.0
1552608002048.0,3883.0
1552694378496.0,3890.0
1552780754944.0,3917.0
1552867262464.0,3938.0
1552953638912.0,3958.0
1553040015360.0,3980.0
1553126391808.0,4003.0
1553212768256.0,4002.0
1553299144704.0,4000.0
1553385652224.0,4001.0
1553472028672.0,3999.0
1553558405120.0,3982.0
1553644781568.0,3971.0
1553731158016.0,3983.0
1553817665536.0,3994.0
1553904041984.0,4022.0
1553990418432.0,4050.0
1554076794880.0,4074.0
1554163171328.0,4100.0
1554249547776.0,4284.0
1554336055296.0,4469.0
1554422431744.0,4627.0
1554508808192.0,4780.0
1554595184640.0,4906.0
1554681561088.0,5015.0
1554767937536.0,5084.0
1554854445056.0,5120.0
1554940821504.0,5182.0
1555027197952.0,5155.0
1555113574400.0,5131.0
1555199950848.0,5105.0
1555286458368.0,5100.0
1555372834816.0,5076.0
1555459211264.0,5092.0
1555545587712.0,5119.0
1555631964160.0,5161.0
1555718340608.0,5198.0
1555804848128.0,5234.0
1555891224576.0,5253.0
1555977601024.0,5282.0
1556063977472.0,5338.0
1556150353920.0,5368.0
1556236861440.0,5342.0
1556323237888.0,5337.0
1556409614336.0,5325.0
1556495990784.0,5315.0
1556582367232.0,5290.0
1556668743680.0,5290.0
1556755251200.0,5311.0
1556841627648.0,5358.0
1556928004096.0,5465.0
1557014380544.0,5578.0
1557100756992.0,5663.0
1557187264512.0,5717.0
1557273640960.0,5774.0
1557360017408.0,5837.0
1557446393856.0,5936.0
1557532770304.0,6061.0
1557619146752.0,6331.0
1557705654272.0,6553.0
1557792030720.0,6915.0
1557878407168.0,7267.0
1557964783616.0,7594.0
1558051160064.0,7771.0
1558137536512.0,7726.0
1558224044032.0,7627.0
1558310420480.0,7730.0
1558396796928.0,7767.0
1558483173376.0,7801.0
1558569549824.0,7771.0
1558656057344.0,7805.0
1558742433792.0,7859.0
1558828810240.0,7899.0
1558915186688.0,8068.0
1559001563136.0,8271.0
1559087939584.0,8444.0
1559174447104.0,8557.0
1559260823552.0,8528.0
1559347200000.0,8548.0
1559433576448.0,8540.0
1559519952896.0,8574.0
1559606460416.0,8459.0
1559692836864.0,8257.0
1559779213312.0,8101.0
1559865589760.0,7979.0
1559951966208.0,7929.0
1560038342656.0,7890.0
1560124850176.0,7805.0
1560211226624.0,7844.0
1560297603072.0,7860.0
1560383979520.0,7925.0
1560470355968.0,8009.0
1560556863488.0,8178.0
1560643239936.0,8376.0
1560729616384.0,8571.0
1560815992832.0,8809.0
1560902369280.0,8946.0
1560988745728.0,9082.0
1561075253248.0,9219.0
1561161629696.0,9471.0
1561248006144.0,9825.0
1561334382592.0,10177.0
1561420759040.0,10507.0
1561507135488.0,10925.0
1561593643008.0,11547.0
1561680019456.0,11636.0
1561766395904.0,11907.0
1561852772352.0,11978.0
1561939148800.0,11738.0
1562025656320.0,11432.0
1562112032768.0,11208.0
1562198409216.0,11276.0
1562284785664.0,11217.0
1562371162112.0,11139.0
1562457538560.0,11168.0
1562544046080.0,11241.0
1562630422528.0,11491.0
1562716798976.0,11781.0
1562803175424.0,11931.0
1562889551872.0,11859.0
1562976059392.0,11857.0
1563062435840.0,11732.0
1563148812288.0,11304.0
1563235188736.0,11086.0
1563321565184.0,10592.0
1563407941632.0,10254.0
1563494449152.0,10227.0
1563580825600.0,10228.0
1563667202048.0,10355.0
1563753578496.0,10454.0
1563839954944.0,10477.0
1563926462464.0,10351.0
1564012838912.0,10186.0
1564099215360.0,10062.0
1564185591808.0,9960.0
1564271968256.0,9792.0
1564358344704.0,9694.0
1564444852224.0,9619.0
1564531228672.0,9587.0
1564617605120.0,9686.0
1564703981568.0,9858.0
1564790358016.0,10060.0
1564876734464.0,10305.0
1564963241984.0,10539.0
1565049618432.0,10908.0
1565135994880.0,11140.0
1565222371328.0,11424.0
1565308747776.0,11656.0
1565395255296.0,11788.0
1565481631744.0,11715.0
1565568008192.0,11671.0
1565654384640.0,11584.0
1565740761088.0,11386.0
1565827137536.0,11005.0
1565913645056.0,10745.0
1566000021504.0,10560.0
1566086397952.0,10409.0
1566172774400.0,10328.0
1566259150848.0,10429.0
1566345658368.0,10527.0
1566432034816.0,10466.0
1566518411264.0,10386.0
1566604787712.0,10375.0
1566691164160.0,10304.0
1566777540608.0,10243.0
1566864048128.0,10245.0
1566950424576.0,10223.0
1567036801024.0,10104.0
1567123177472.0,9936.0
1567209553920.0,9810.0
1567296061440.0,9716.0
1567382437888.0,9679.0
1567468814336.0,9805.0
1567555190784.0,10017.0
1567641567232.0,10212.0
1567727943680.0,10373.0
1567814451200.0,10419.0
1567900827648.0,10462.0
1567987204096.0,10441.0
1568073580544.0,10399.0
1568159956992.0,10310.0
1568246464512.0,10254.0
1568332840960.0,10274.0
1568419217408.0,10284.0
1568505593856.0,10298.0
1568591970304.0,10306.0
1568678346752.0,10300.0
1568764854272.0,10274.0
1568851230720.0,10239.0
1568937607168.0,10228.0
1569023983616.0,10207.0
1569110360064.0,10145.0
1569196736512.0,10106.0
1569283244032.0,9995.0
1569369620480.0,9609.0
1569455996928.0,9237.0
1569542373376.0,8844.0
1569628749824.0,8569.0
1569715257344.0,8389.0
1569801633792.0,8240.0
1569888010240.0,8187.0
1569974386688.0,8203.0
1570060763136.0,8247.0
1570147139584.0,8255.0
1570233647104.0,8233.0
1570320023552.0,8207.0
1570406400000.0,8114.0
1570492776448.0,8108.0
1570579152896.0,8108.0
1570665660416.0,8209.0
1570752036864.0,8315.0
1570838413312.0,8333.0
1570924789760.0,8349.0
1571011166208.0,8338.0
1571097542656.0,8337.0
1571184050176.0,8287.0
1571270426624.0,8199.0
1571356803072.0,8150.0
1571443179520.0,8085.0
1571529555968.0,8034.0
1571616063488.0,8059.0
1571702439936.0,8088.0
1571788816384.0,8079.0
1571875192832.0,7938.0
1571961569280.0,7787.0
1572047945728.0,7950.0
1572134453248.0,8252.0
1572220829696.0,8615.0
1572307206144.0,8872.0
1572393582592.0,9130.0
1572479959040.0,9247.0
1572566335488.0,9241.0
1572652843008.0,9238.0
1572739219456.0,9240.0
1572825595904.0,9222.0
1572911972352.0,9261.0
1572998348800.0,9278.0
1573084856320.0,9303.0
1573171232768.0,9289.0
1573257609216.0,9165.0
1573343985664.0,9055.0
1573430362112.0,9017.0
1573516738560.0,8922.0
1573603246080.0,8873.0
1573689622528.0,8833.0
1573775998976.0,8775.0
1573862375424.0,8689.0
1573948751872.0,8622.0
1574035259392.0,8570.0
1574121635840.0,8455.0
1574208012288.0,8350.0
1574294388736.0,8261.0
1574380765184.0,8076.0
1574467141632.0,7834.0
1574553649152.0,7648.0
1574640025600.0,7401.0
1574726402048.0,7264.0
1574812778496.0,7185.0
1574899154944.0,7222.0
1574985662464.0,7274.0
1575072038912.0,7402.0
1575158415360.0,7474.0
1575244791808.0,7483.0
1575331168256.0,7449.0
1575417544704.0,7409.0
1575504052224.0,7340.0
1575590428672.0,7330.0
1575676805120.0,7361.0
1575763181568.0,7397.0
1575849558016.0,7439.0
1575936065536.0,7430.0
1576022441984.0,7384.0
1576108818432.0,7335.0
1576195194880.0,7286.0
1576281571328.0,7262.0
1576367947776.0,7197.0
1576454455296.0,7165.0
1576540831744.0,7089.0
1576627208192.0,6959.0
1576713584640.0,7005.0
1576799961088.0,7030.0
1576886337536.0,7073.0
1576972845056.0,7103.0
1577059221504.0,7213.0
1577145597952.0,7271.0
1577231974400.0,7280.0
1577318350848.0,7269.0
1577404858368.0,7255.0
1577491234816.0,7250.0
1577577611264.0,7263.0
1577663987712.0,7287.0
1577750364160.0,7283.0
1577836740608.0,7267.0
1577923248128.0,7251.0
1578009624576.0,7175.0
1578096001024.0,7199.0
1578182377472.0,7230.0
1578268753920.0,7268.0
1578355261440.0,7391.0
1578441637888.0,7598.0
1578528014336.0,7768.0
1578614390784.0,7831.0
1578700767232.0,7961.0
1578787143680.0,8015.0
1578873651200.0,8069.0
1578960027648.0,8090.0
1579046404096.0,8260.0
1579132780544.0,8433.0
1579219156992.0,8553.0
1579305664512.0,8689.0
1579392040960.0,8796.0
1579478417408.0,8811.0
1579564793856.0,8770.0
1579651170304.0,8754.0
1579737546752.0,8728.0
1579824054272.0,8638.0
1579910430720.0,8570.0
1579996807168.0,8494.0
1580083183616.0,8501.0
1580169560064.0,8586.0
1580255936512.0,8782.0
1580342444032.0,8955.0
1580428820480.0,9154.0
1580515196928.0,9275.0
1580601573376.0,9351.0
1580687949824.0,9369.0
1580774457344.0,9353.0
1580860833792.0,9309.0
1580947210240.0,9369.0
1581033586688.0,9467.0
1581119963136.0,9574.0
1581206339584.0,9686.0
1581292847104.0,9835.0
1581379223552.0,9886.0
1581465600000.0,9988.0
1581551976448.0,10091.0
1581638352896.0,10153.0
1581724860416.0,10225.0
1581811236864.0,10163.0
1581897613312.0,10101.0
1581983989760.0,9990.0
1582070366208.0,9998.0
1582156742656.0,9880.0
1582243250176.0,9790.0
1582329626624.0,9739.0
1582416003072.0,9704.0
1582502379520.0,9742.0
1582588755968.0,9722.0
1582675263488.0,9618.0
1582761639936.0,9406.0
1582848016384.0,9219.0
1582934392832.0,9035.0
1583020769280.0,8849.0
1583107145728.0,8716.0
1583193653248.0,8713.0
1583280029696.0,8708.0
1583366406144.0,8721.0
1583452782592.0,8808.0
1583539159040.0,8909.0
1583625535488.0,8932.0
1583712043008.0,8729.0
1583798419456.0,8501.0
1583884795904.0,8299.0
1583971172352.0,8149.0
1584057548800.0,7247.0
1584144056320.0,6662.0
1584230432768.0,6120.0
1584316809216.0,5756.0
1584403185664.0,5446.0
1584489562112.0,5319.0
1584575938560.0,5272.0
1584662446080.0,5485.0
1584748822528.0,5695.0
1584835198976.0,5885.0
1584921575424.0,5938.0
1585007951872.0,6103.0
1585094459392.0,6295.0
1585180835840.0,6426.0
1585267212288.0,6547.0
1585353588736.0,6544.0
1585439965184.0,6489.0
1585526341632.0,6330.0
1585612849152.0,6302.0
1585699225600.0,6294.0
1585785602048.0,6365.0
1585871978496.0,6483.0
1585958354944.0,6587.0
1586044862464.0,6699.0
1586131238912.0,6745.0
1586217615360.0,6896.0
1586303991808.0,7000.0
1586390368256.0,7120.0
1586476744704.0,7200.0
1586563252224.0,7143.0
1586649628672.0,7080.0
1586736005120.0,7022.0
1586822381568.0,6953.0
1586908758016.0,6912.0
1586995134464.0,6815.0
1587081641984.0,6865.0
1587168018432.0,6908.0
1587254394880.0,6999.0
1587340771328.0,7053.0
1587427147776.0,7019.0
1587513655296.0,6981.0
1587600031744.0,7007.0
1587686408192.0,7110.0
1587772784640.0,7220.0
1587859161088.0,7330.0
1587945537536.0,7460.0
1588032045056.0,7586.0
1588118421504.0,7660.0
1588204797952.0,7937.0
1588291174400.0,8154.0
1588377550848.0,8391.0
1588464058368.0,8609.0
1588550434816.0,8761.0
1588636811264.0,8854.0
1588723187712.0,8906.0
1588809564160.0,8977.0
1588895940608.0,9229.0
1588982448128.0,9412.0
1589068824576.0,9502.0
1589155201024.0,9357.0
1589241577472.0,9160.0
1589327953920.0,9029.0
1589414461440.0,9029.0
1589500837888.0,9170.0
1589587214336.0,9222.0
1589673590784.0,9301.0
1589759967232.0,9445.0
1589846343680.0,9556.0
1589932851200.0,9628.0
1590019227648.0,9617.0
1590105604096.0,9491.0
1590191980544.0,9397.0
1590278356992.0,9313.0
1590364864512.0,9128.0
1590451240960.0,9027.0
1590537617408.0,8945.0
1590623993856.0,8980.0
1590710370304.0,9116.0
1590796746752.0,9217.0
1590883254272.0,9374.0
1590969630720.0,9443.0
1591056007168.0,9652.0
1591142383616.0,9659.0
1591228760064.0,9681.0
1591315136512.0,9714.0
1591401644032.0,9698.0
1591488020480.0,9687.0
1591574396928.0,9697.0
1591660773376.0,9716.0
1591747149824.0,9736.0
1591833657344.0,9776.0
1591920033792.0,9665.0
1592006410240.0,9603.0
1592092786688.0,9550.0
1592179163136.0,9477.0
1592265539584.0,9442.0
1592352047104.0,9445.0
1592438423552.0,9449.0
1592524800000.0,9437.0
1592611176448.0,9406.0
1592697552896.0,9389.0
1592784060416.0,9361.0
1592870436864.0,9427.0
1592956813312.0,9479.0
1593043189760.0,9448.0
1593129566208.0,9406.0
1593215942656.0,9343.0
1593302450176.0,9244.0
1593388826624.0,9186.0
1593475203072.0,9159.0
1593561579520.0,9138.0
1593647955968.0,9158.0
1593734463488.0,9144.0
1593820839936.0,9125.0
1593907216384.0,9125.0
1593993592832.0,9108.0
1594079969280.0,9158.0
1594166345728.0,9187.0
1594252853248.0,9256.0
1594339229696.0,9269.0
1594425606144.0,9286.0
1594511982592.0,9280.0
1594598359040.0,9286.0
1594684735488.0,9273.0
1594771243008.0,9266.0
1594857619456.0,9245.0
1594943995904.0,9215.0
1595030372352.0,9193.0
1595116748800.0,9180.0
1595203256320.0,9180.0
1595289632768.0,9173.0
1595376009216.0,9223.0
1595462385664.0,9302.0
1595548762112.0,9393.0
1595635138560.0,9456.0
1595721646080.0,9541.0
1595808022528.0,9658.0
1595894398976.0,10005.0
1595980775424.0,10291.0
1596067151872.0,10582.0
1596153659392.0,10820.0
1596240035840.0,11032.0
1596326412288.0,11276.0
1596412788736.0,11270.0
1596499165184.0,11278.0
1596585541632.0,11271.0
1596672049152.0,11377.0
1596758425600.0,11480.0
1596844802048.0,11529.0
1596931178496.0,11616.0
1597017554944.0,11667.0
1597104062464.0,11742.0
1597190438912.0,11664.0
1597276815360.0,11630.0
1597363191808.0,11655.0
1597449568256.0,11678.0
1597535944704.0,11723.0
1597622452224.0,11783.0
1597708828672.0,11914.0
1597795205120.0,11955.0
1597881581568.0,11928.0
1597967958016.0,11914.0
1598054465536.0,11814.0
1598140841984.0,11755.0
1598227218432.0,11705.0
1598313594880.0,11690.0
1598399971328.0,11592.0
1598486347776.0,11544.0
1598572855296.0,11477.0
1598659231744.0,11470.0
1598745608192.0,11456.0
1598831984640.0,11509.0
1598918361088.0,11554.0
1599004737536.0,11658.0
1599091245056.0,11615.0
1599177621504.0,11268.0
1599263997952.0,11003.0
1599350374400.0,10718.0
1599436750848.0,10519.0
1599523258368.0,10412.0
1599609634816.0,10293.0
1599696011264.0,10238.0
1599782387712.0,10256.0
1599868764160.0,10289.0
1599955140608.0,10333.0
1600041648128.0,10344.0
1600128024576.0,10428.0
1600214401024.0,10533.0
1600300777472.0,10659.0
1600387153920.0,10764.0
1600473661440.0,10847.0
1600560037888.0,10935.0
1600646414336.0,10951.0
1600732790784.0,10831.0
1600819167232.0,10737.0
1600905543680.0,10586.0
1600992051200.0,10578.0
1601078427648.0,10576.0
1601164804096.0,10606.0
1601251180544.0,10666.0
1601337556992.0,10698.0
1601424064512.0,10751.0
1601510440960.0,10762.0
1601596817408.0,10731.0
1601683193856.0,10689.0
1601769570304.0,10644.0
1601855946752.0,10635.0
1601942454272.0,10662.0
1602028830720.0,10646.0
1602115207168.0,10653.0
1602201583616.0,10721.0
1602287960064.0,10813.0
1602374336512.0,10948.0
1602460844032.0,11085.0
1602547220480.0,11236.0
1602633596928.0,11334.0
1602719973376.0,11389.0
1602806349824.0,11440.0
1602892857344.0,11418.0
1602979233792.0,11403.0
1603065610240.0,11421.0
1603151986688.0,11497.0
1603238363136.0,11608.0
1603324739584.0,11910.0
1603411247104.0,12232.0
1603497623552.0,12505.0
1603584000000.0,12753.0
1603670376448.0,12911.0
1603756752896.0,13011.0
1603843260416.0,13164.0
1603929636864.0,13219.0
1604016013312.0,13301.0
1604102389760.0,13391.0
1604188766208.0,13513.0
1604275142656.0,13610.0
1604361650176.0,13619.0
1604448026624.0,13726.0
1604534403072.0,13850.0
1604620779520.0,14286.0
1604707155968.0,14684.0
1604793663488.0,14835.0
1604880039936.0,15100.0
1604966416384.0,15236.0
1605052792832.0,15302.0
1605139169280.0,15397.0
1605225545728.0,15614.0
1605312053248.0,15843.0
1605398429696.0,15964.0
1605484806144.0,16019.0
1605571182592.0,16218.0
1605657559040.0,16588.0
1605743935488.0,16949.0
1605830443008.0,17267.0
1605916819456.0,17705.0
1606003195904.0,18102.0
1606089572352.0,18295.0
1606175948800.0,18371.0
1606262456320.0,18593.0
1606348832768.0,18673.0
1606435209216.0,18326.0
1606521585664.0,17982.0
1606607962112.0,17832.0
1606694338560.0,17833.0
1606780846080.0,18224.0
1606867222528.0,18403.0
1606953598976.0,18698.0
1607039975424.0,19007.0
1607126351872.0,19002.0
1607212859392.0,19061.0
1607299235840.0,19131.0
1607385612288.0,19146.0
1607471988736.0,18952.0
1607558365184.0,18820.0
1607644741632.0,18646.0
1607731249152.0,18449.0
1607817625600.0,18466.0
1607904002048.0,18605.0
1607990378496.0,18792.0
1608076754944.0,19010.0
1608163262464.0,19610.0
1608249638912.0,20505.0
1608336015360.0,21361.0
1608422391808.0,22218.0
1608508768256.0,22830.0
1608595144704.0,23050.0
1608681652224.0,23330.0
1608768028672.0,23332.0
1608854405120.0,23441.0
1608940781568.0,23745.0
1609027158016.0,24445.0
1609113534464.0,25062.0
1609200041984.0,25749.0
1609286418432.0,26385.0
1609372794880.0,27170.0
1609459171328.0,27826.0
1609545547776.0,28361.0
1609632055296.0,29406.0
1609718431744.0,30532.0
1609804808192.0,31217.0
1609891184640.0,32122.0
1609977561088.0,33471.0
1610063937536.0,35229.0
1610150445056.0,36950.0
1610236821504.0,38272.0
1610323197952.0,38759.0
1610409574400.0,38160.0
1610495950848.0,37105.0
1610582458368.0,36868.0
1610668834816.0,37142.0
1610755211264.0,36958.0
1610841587712.0,36736.0
1610927964160.0,36542.0
1611014340608.0,36561.0
1611100848128.0,36409.0
1611187224576.0,36087.0
1611273601024.0,34712.0
1611359977472.0,34029.0
1611446353920.0,33289.0
1611532861440.0,32774.0
1611619237888.0,32432.0
1611705614336.0,32313.0
1611791990784.0,31821.0
1611878367232.0,32135.0
1611964743680.0,32629.0
1612051251200.0,33143.0
1612137627648.0,33286.0
1612224004096.0,33480.0
1612310380544.0,34036.0
1612396756992.0,34958.0
1612483264512.0,35616.0
1612569640960.0,36495.0
1612656017408.0,37441.0
1612742393856.0,38107.0
1612828770304.0,40168.0
1612915146752.0,42110.0
1613001654272.0,43350.0
1613088030720.0,44974.0
1613174407168.0,46098.0
1613260783616.0,46814.0
1613347160064.0,47331.0
1613433536512.0,47618.0
1613520044032.0,48115.0
1613606420480.0,49136.0
1613692796928.0,49935.0
1613779173376.0,51593.0
1613865549824.0,53067.0
1613952057344.0,54597.0
1614038433792.0,54938.0
1614124810240.0,53667.0
1614211186688.0,52546.0
1614297563136.0,50864.0
1614383939584.0,49240.0
1614470447104.0,48022.0
1614556823552.0,46839.0
1614643200000.0,47106.0
1614729576448.0,47380.0
1614815952896.0,48172.0
1614902460416.0,48455.0
1614988836864.0,48732.0
1615075213312.0,48909.0
1615161589760.0,49405.0
1615247966208.0,50159.0
1615334342656.0,51441.0
1615420850176.0,52829.0
1615507226624.0,54454.0
1615593603072.0,55684.0
1615679979520.0,57346.0
1615766355968.0,58193.0
1615852863488.0,57827.0
1615939239936.0,57669.0
1616025616384.0,57901.0
1616111992832.0,57777.0
1616198369280.0,57768.0
1616284745728.0,57860.0
1616371253248.0,57789.0
1616457629696.0,56907.0
1616544006144.0,56107.0
1616630382592.0,54930.0
1616716759040.0,53719.0
1616803135488.0,53644.0
1616889643008.0,53959.0
1616976019456.0,54468.0
1617062395904.0,55379.0
1617148772352.0,56485.0
1617235148800.0,57454.0
1617321656320.0,58018.0
1617408032768.0,58457.0
1617494409216.0,58262.0
1617580785664.0,58241.0
1617667162112.0,58420.0
1617753538560.0,58298.0
1617840046080.0,57705.0
1617926422528.0,57699.0
1618012798976.0,57751.0
1618099175424.0,58221.0
1618185551872.0,58729.0
1618272059392.0,59174.0
1618358435840.0,60340.0
1618444812288.0,61264.0
1618531188736.0,62041.0
1618617565184.0,62091.0
1618703941632.0,61690.0
1618790449152.0,60308.0
1618876825600.0,58852.0
1618963202048.0,57822.0
1619049578496.0,56414.0
1619135954944.0,54830.0
1619222462464.0,53548.0
1619308838912.0,52310.0
1619395215360.0,51175.0
1619481591808.0,51462.0
1619567968256.0,52197.0
1619654344704.0,53017.0
1619740852224.0,53455.0
1619827228672.0,54696.0
1619913605120.0,55845.0
1619999981568.0,56243.0
1620086358016.0,56671.0
1620172865536.0,55942.0
1620259241984.0,56271.0
1620345618432.0,56270.0
1620431994880.0,56474.0
1620518371328.0,57071.0
1620604747776.0,57539.0
1620691255296.0,57286.0
1620777631744.0,57154.0
1620864008192.0,55290.0
1620950384640.0,53544.0
1621036761088.0,52163.0
1621123137536.0,50284.0
1621209645056.0,48854.0
1621296021504.0,47064.0
1621382397952.0,45574.0
1621468774400.0,42967.0
1621555150848.0,41727.0
1621641658368.0,40132.0
1621728034816.0,39044.0
1621814411264.0,37548.0
1621900787712.0,37475.0
1621987164160.0,37528.0
1622073540608.0,37937.0
1622160048128.0,38213.0
1622246424576.0,37698.0
1622332801024.0,36920.0
1622419177472.0,36451.0
1622505553920.0,36398.0
1622592061440.0,36326.0
1622678437888.0,36577.0
1622764814336.0,37297.0
1622851190784.0,37382.0
1622937567232.0,37029.0
1623023943680.0,36710.0
1623110451200.0,35814.0
1623196827648.0,35022.0
1623283204096.0,35293.0
1623369580544.0,35534.0
1623455956992.0,36048.0
1623542464512.0,36084.0
1623628840960.0,36893.0
1623715217408.0,37960.0
1623801593856.0,38718.0
1623887970304.0,38854.0
1623974346752.0,38827.0
1624060854272.0,38125.0
1624147230720.0,37358.0
1624233607168.0,36693.0
1624319983616.0,35129.0
1624406360064.0,34149.0
1624492736512.0,33710.0
1624579244032.0,33716.0
1624665620480.0,33114.0
1624751996928.0,32827.0
1624838373376.0,33212.0
1624924749824.0,33586.0
1625011257344.0,34203.0
1625097633792.0,34565.0
1625184010240.0,34459.0
1625270386688.0,34365.0
1625356763136.0,34410.0
1625443139584.0,34565.0
1625529647104.0,34342.0
1625616023552.0,34284.0
1625702400000.0,34180.0
1625788776448.0,33847.0
1625875152896.0,33758.0
1625961660416.0,33624.0
1626048036864.0,33733.0
1626134413312.0,33577.0
1626220789760.0,33356.0
1626307166208.0,33197.0
1626393542656.0,32819.0
1626480050176.0,32367.0
1626566426624.0,32050.0
1626652803072.0,31859.0
1626739179520.0,31527.0
1626825555968.0,31015.0
1626912063488.0,31184.0
1626998439936.0,31431.0
1627084816384.0,31979.0
1627171192832.0,32664.0
1627257569280.0,33524.0
1627343945728.0,34678.0
1627430453248.0,36100.0
1627516829696.0,37458.0
1627603206144.0,38524.0
1627689582592.0,39749.0
1627775959040.0,40555.0
1627862335488.0,40616.0
1627948843008.0,40333.0
1628035219456.0,39776.0
1628121595904.0,39616.0
1628207972352.0,39769.0
1628294348800.0,40446.0
1628380856320.0,41562.0
1628467232768.0,42440.0
1628553609216.0,43698.0
1628639985664.0,44541.0
1628726362112.0,45078.0
1628812738560.0,45057.0
1628899246080.0,45740.0
1628985622528.0,46175.0
1629071998976.0,46487.0
1629158375424.0,46440.0
1629244751872.0,46062.0
1629331259392.0,45689.0
1629417635840.0,45823.0
1629504012288.0,46559.0
1629590388736.0,47212.0
1629676765184.0,47945.0
1629763141632.0,48630.0
1629849649152.0,48657.0
1629936025600.0,48791.0
1630022402048.0,48300.0
1630108778496.0,48380.0
1630195154944.0,48457.0
1630281662464.0,48527.0
1630368038912.0,48173.0
1630454415360.0,47885.0
1630540791808.0,48035.0
1630627168256.0,48306.0
1630713544704.0,48722.0
1630800052224.0,49136.0
1630886428672.0,49893.0
1630972805120.0,50792.0
1631059181568.0,50033.0
1631145558016.0,49038.0
1631231934464.0,48201.0
1631318441984.0,47090.0
1631404818432.0,46315.0
1631491194880.0,45967.0
1631577571328.0,45470.0
1631663947776.0,45792.0
1631750455296.0,46379.0
1631836831744.0,46852.0
1631923208192.0,47146.0
1632009584640.0,47581.0
1632095961088.0,47628.0
1632182337536.0,46537.0
1632268845056.0,44915.0
1632355221504.0,44171.0
1632441597952.0,43967.0
1632527974400.0,43459.0
1632614350848.0,43120.0
1632700858368.0,43107.0
1632787234816.0,42888.0
1632873611264.0,42396.0
1632959987712.0,42053.0
1633046364160.0,42330.0
1633132740608.0,43692.0
1633219248128.0,44882.0
1633305624576.0,46106.0
1633392001024.0,47333.0
1633478377472.0,48736.0
1633564753920.0,50620.0
1633651261440.0,51818.0
1633737637888.0,52779.0
1633824014336.0,53726.0
1633910390784.0,54276.0
1633996767232.0,55137.0
1634083143680.0,55500.0
1634169651200.0,56101.0
1634256027648.0,56614.0
1634342404096.0,57914.0
1634428780544.0,58933.0
1634515156992.0,59891.0
1634601664512.0,60756.0
1634688040960.0,61846.0
1634774417408.0,63155.0
1634860793856.0,63187.0
1634947170304.0,62724.0
1635033546752.0,62377.0
1635120054272.0,61915.0
1635206430720.0,61989.0
1635292807168.0,61484.0
1635379183616.0,60599.0
1635465560064.0,60463.0
1635551936512.0,60795.0
1635638444032.0,61039.0
1635724820480.0,61147.0
1635811196928.0,61192.0
1635897573376.0,61760.0
1635983949824.0,62124.0
1636070457344.0,62017.0
1636156833792.0,61776.0
1636243210240.0,61684.0
1636329586688.0,62017.0
1636415963136.0,63321.0
1636502339584.0,64404.0
1636588847104.0,64870.0
1636675223552.0,65155.0
1636761600000.0,65062.0
1636847976448.0,64885.0
1636934352896.0,64952.0
1637020860416.0,64526.0
1637107236864.0,63375.0
1637193613312.0,62425.0
1637279989760.0,60787.0
1637366366208.0,59705.0
1637452742656.0,59289.0
1637539250176.0,58851.0
1637625626624.0,58087.0
1637712003072.0,57834.0
1637798379520.0,57578.0
1637884755968.0,57831.0
1637971263488.0,56791.0
1638057639936.0,56123.0
1638144016384.0,56216.0
1638230392832.0,56509.0
1638316769280.0,56607.0
1638403145728.0,56798.0
1638489653248.0,56865.0
1638576029696.0,56122.0
1638662406144.0,54306.0
1638748782592.0,52673.0
1638835159040.0,51636.0
1638921535488.0,50967.0
1639008043008.0,50556.0
1639094419456.0,49611.0
1639180795904.0,48910.0
1639267172352.0,48870.0
1639353548800.0,49033.0
1639440056320.0,48404.0
1639526432768.0,48298.0
1639612809216.0,48402.0
1639699185664.0,48225.0
1639785562112.0,47672.0
1639871938560.0,47346.0
1639958446080.0,47073.0
1640044822528.0,46948.0
1640131198976.0,47316.0
1640217575424.0,47663.0
1640303951872.0,48525.0
1640390459392.0,49321.0
1640476835840.0,49862.0
1640563212288.0,50329.0
1640649588736.0,50554.0
1640735965184.0,49885.0
1640822341632.0,48949.0
1640908849152.0,48255.0
1640995225600.0,47518.0
1641081602048.0,47319.0
1641167978496.0,47170.0
1641254354944.0,46925.0
1641340862464.0,46651.0
1641427238912.0,45832.0
1641513615360.0,44984.0
1641599991808.0,43898.0
1641686368256.0,43061.0
1641772744704.0,42503.0
1641859252224.0,42150.0
1641945628672.0,42109.0
1642032005120.0,42511.0
1642118381568.0,42601.0
1642204758016.0,42799.0
1642291265536.0,42940.0
1642377641984.0,43021.0
1642464018432.0,42836.0
1642550394880.0,42685.0
1642636771328.0,42384.0
1642723147776.0,41897.0
1642809655296.0,40452.0
1642896031744.0,38814.0
1642982408192.0,37757.0
1643068784640.0,37090.0
1643155161088.0,36746.0
1643241537536.0,36590.0
1643328045056.0,36745.0
1643414421504.0,37053.0
1643500797952.0,37390.0
1643587174400.0,37597.0
1643673550848.0,37884.0
1643760058368.0,38170.0
1643846434816.0,37926.0
1643932811264.0,37768.0
1644019187712.0,38607.0
1644105564160.0,39372.0
1644191940608.0,40305.0
1644278448128.0,41439.0
1644364824576.0,42482.0
1644451201024.0,43340.0
1644537577472.0,43561.0
1644623953920.0,43391.0
1644710461440.0,43107.0
1644796837888.0,42776.0
1644883214336.0,42598.0
1644969590784.0,42946.0
1645055967232.0,43186.0
1645142343680.0,42617.0
1645228851200.0,41950.0
1645315227648.0,41373.0
1645401604096.0,40425.0
1645487980544.0,39300.0
1645574356992.0,38724.0
1645660864512.0,38127.0
1645747240960.0,38005.0
1645833617408.0,38199.0
1645919993856.0,38459.0
1646006370304.0,38356.0
1646092746752.0,39514.0
1646179254272.0,40879.0
1646265630720.0,41973.0
1646352007168.0,42476.0
1646438383616.0,41903.0
1646524760064.0,41299.0
1646611136512.0,40433.0
1646697644032.0,39533.0
1646784020480.0,39045.0
1646870396928.0,39471.0
1646956773376.0,40063.0
1647043149824.0,39902.0
1647129657344.0,39728.0
1647216033792.0,39276.0
1647302410240.0,39261.0
1647388786688.0,39006.0
1647475163136.0,39267.0
1647561539584.0,39727.0
1647648047104.0,40133.0
1647734423552.0,40699.0
1647820800000.0,41157.0
1647907176448.0,41358.0
1647993552896.0,41682.0
1648080060416.0,41874.0
1648166436864.0,42176.0
1648252813312.0,42817.0
1648339189760.0,43344.0
1648425566208.0,43853.0
1648339189760.0,43344.0
1648511942656.0,44750.0
1648598450176.0,45720.0
1648684826624.0,46420.0
